Timestamp,"Kindly provide details of residential property valued by your firm showing the following information.

Building size",Property type,Property Value,Number of Bedroom,Property age,Number of Bathrooms,Number of Toilets,Boy's Quarter,Location Density,Property Condition,Ceiling ,Floor,Roof,Window ,Painting,Availability of water,Electricity,Car Park,Security
12/26/2024 11:38:14,64,Mini Flat,86,88,65,34,78,Present,High density,Very good,Asbestos,Tiles,Corrugated Iron Sheet,Glazed Aluminium Sliding Window,Textcote Paint,Good,Very good,Present,Gated estate
12/26/2024 19:30:56,200,Bungalow,60000000,2,3,2,3,Absent,Medium density,Very good,Others,Tiles,Long Span Aluminium Roofing sheet,Glazed Aluminium Sliding Window,Textcote Paint,Good,Good,Not present,Private gate/fence
12/26/2024 19:33:05,200,Terrace,100000000,4,1,4,5,Absent,High density,Very good,POP,Tiles,Long Span Aluminium Roofing sheet,Casement,Emulsion Paint,Good,Good,Not present,Gated estate
12/26/2024 19:35:01,500,Detached house,150000000,5,9,5,5,Absent,Medium density,Good,POP,Others,Long Span Aluminium Roofing sheet,Glazed Aluminium Sliding Window,Gloss Paint,Good,Good,Present,Gated estate
12/26/2024 19:37:12,100,Mini Flat,50000000,1,5,1,2,Absent,High density,Good,Others,Tiles,Aluminium Step Tiles Roofing Sheet,Glazed Aluminium Sliding Window,Gloss Paint,Good,Very good,Not present,Private gate/fence
12/26/2024 19:39:17,300,Detached house,250000000,5,5,6,7,Present,High density,Good,POP,Tiles,Aluminium Step Tiles Roofing Sheet,Glazed Aluminium Sliding Window,Gloss Paint,Good,Very good,Present,Gated estate
12/26/2024 19:43:12,243,Bungalow,48000000,3,17,3,4,Absent,Low density,Fair,Asbestos,Tiles,Corrugated Iron Sheet,Glazed Aluminium Sliding Window,Emulsion Paint,Good,Fair,Not present,None
12/26/2024 19:45:45,500,Detached house,261500000,4,2,4,5,Absent,High density,Very good,POP,Tiles,Long Span Aluminium Roofing sheet,Glazed Aluminium Sliding Window,Textcote Paint,Fair,Very good,Present,Gated estate
12/26/2024 19:48:47,150,Terrace,85000000,2,1,2,3,Absent,Medium density,Very good,Others,Wooden,Long Span Aluminium Roofing sheet,Casement,Emulsion Paint,Good,Good,Not present,Gated estate
12/26/2024 19:50:13,380,Detached house,390000000,5,5,5,6,Present,High density,Very good,Others,Tiles,Others,Glazed Aluminium Sliding Window,Emulsion Paint,Good,Very good,Present,Gated estate
12/26/2024 19:51:44,500,Semi-detached house,65000000,3,12,4,5,Present,Medium density,Good,POP,Tiles,Aluminium Step Tiles Roofing Sheet,Casement,Satin Paint,Good,Fair,Not present,Private gate/fence
12/26/2024 19:54:27,220,Semi-detached house,165000000,4,8,5,6,Present,Medium density,Good,POP,Others,Long Span Aluminium Roofing sheet,Glazed Aluminium Sliding Window,Emulsion Paint,Good,Very good,Present,Private gate/fence
12/26/2024 19:59:28,550,Detached house,110000000,4,5,4,5,Absent,Medium density,Good,POP,Tiles,Long Span Aluminium Roofing sheet,Glazed Aluminium Sliding Window,Emulsion Paint,Good,Good,Present,Gated estate
12/26/2024 20:00:56,550,Semi-detached house,120000000,4,8,4,5,Present,Medium density,Good,POP,Others,Aluminium Step Tiles Roofing Sheet,Casement,Gloss Paint,Good,Good,Present,Private gate/fence
12/26/2024 20:03:00,250,Bungalow,33000000,3,4,4,5,Present,Low density,Good,POP,Tiles,Corrugated Iron Sheet,Glazed Aluminium Sliding Window,Gloss Paint,Good,Fair,Not present,Private gate/fence
12/26/2024 20:04:29,600,Bungalow,46000000,3,9,3,4,Absent,Medium density,Good,Others,Tiles,Long Span Aluminium Roofing sheet,Glazed Aluminium Sliding Window,Emulsion Paint,Fair,Very good,Not present,Private gate/fence
12/26/2024 20:06:00,346,Mini Flat,49999999,2,2,2,2,Absent,High density,Very good,POP,Marble,Long Span Aluminium Roofing sheet,Casement,Textcote Paint,Good,Good,Not present,Street gate
12/26/2024 20:08:02,300,Detached house,600000000,5,1,5,6,Present,High density,Very good,POP,Tiles,Long Span Aluminium Roofing sheet,Glazed Aluminium Sliding Window,Emulsion Paint,Good,Very good,Present,Private gate/fence
12/26/2024 20:11:20,335,Detached house,450000000,5,1,5,5,Absent,High density,Very good,POP,Tiles,Aluminium Step Tiles Roofing Sheet,Casement,Gloss Paint,Good,Good,Present,Gated estate
12/26/2024 20:13:24,150,Semi-detached house,150000000,3,2,4,5,Present,Medium density,Good,POP,Tiles,Long Span Aluminium Roofing sheet,Casement,Satin Paint,Good,Good,Not present,Gated estate
12/26/2024 20:14:46,400,Detached house,650000000,5,4,5,6,Present,Medium density,Very good,Others,Others,Long Span Aluminium Roofing sheet,Glazed Aluminium Sliding Window,Emulsion Paint,Good,Good,Present,Private gate/fence
12/26/2024 20:16:20,1200,Terrace,250000000,2,7,3,4,Present,Medium density,Good,POP,Tiles,Long Span Aluminium Roofing sheet,Glazed Aluminium Sliding Window,Textcote Paint,Good,Good,Present,Street gate
12/27/2024 13:15:34,900,Detached house,380000000,4,15,5,6,Present,High density,Good,POP,Tiles,Long Span Aluminium Roofing sheet,Casement,Emulsion Paint,Good,Very good,Present,Private gate/fence
12/27/2024 13:17:10,600,Detached house,480000000,4,5,4,5,Present,High density,Very good,POP,Marble,Aluminium Step Tiles Roofing Sheet,Casement,Gloss Paint,Good,Good,Present,Gated estate
12/27/2024 13:19:53,600,Semi-detached house,350000000,3,6,4,5,Present,Medium density,Very good,POP,Tiles,Long Span Aluminium Roofing sheet,Glazed Aluminium Sliding Window,Emulsion Paint,Good,Fair,Present,Private gate/fence
12/27/2024 13:21:19,300,Bungalow,170000000,3,1,3,4,Absent,High density,Very good,Others,Tiles,Aluminium Step Tiles Roofing Sheet,Casement,Gloss Paint,Good,Good,Not present,Gated estate
12/27/2024 13:22:59,450,Terrace,260000000,4,6,4,5,Absent,High density,Very good,POP,Tiles,Aluminium Step Tiles Roofing Sheet,Casement,Emulsion Paint,Good,Good,Present,Private gate/fence
12/27/2024 13:25:02,320,Detached house,140000000,4,12,5,5,Present,Medium density,Good,POP,Tiles,Long Span Aluminium Roofing sheet,Others,Emulsion Paint,Fair,Good,Not present,Gated estate
12/27/2024 13:28:34,400,Semi-detached house,120000000,3,7,3,4,Absent,Medium density,Good,POP,Marble,Long Span Aluminium Roofing sheet,Glazed Aluminium Sliding Window,Emulsion Paint,Good,Good,Not present,Gated estate
12/27/2024 13:30:11,400,Detached house,200000000,4,1,4,5,Absent,Medium density,Very good,POP,Tiles,Long Span Aluminium Roofing sheet,Casement,Textcote Paint,Good,Good,Present,Gated estate
12/27/2024 13:31:38,200,Semi-detached house,120000000,3,3,3,4,Absent,Low density,Very good,POP,Wooden,Aluminium Step Tiles Roofing Sheet,Others,Emulsion Paint,Good,Fair,Present,Private gate/fence
12/27/2024 13:33:20,300,Detached house,200000000,4,1,5,5,Present,Medium density,Very good,Others,Marble,Long Span Aluminium Roofing sheet,Glazed Aluminium Sliding Window,Satin Paint,Good,Good,Not present,Private gate/fence
12/27/2024 13:35:03,250,Terrace,90000000,3,1,3,4,Absent,Medium density,Good,POP,Tiles,Long Span Aluminium Roofing sheet,Casement,Emulsion Paint,Fair,Good,Not present,Street gate
12/27/2024 13:37:20,300,Terrace,250000000,4,1,3,4,Absent,High density,Very good,POP,Tiles,Long Span Aluminium Roofing sheet,Casement,Emulsion Paint,Good,Very good,Present,Gated estate
12/27/2024 13:39:57,320,Semi-detached house,115000000,5,5,5,6,Present,Medium density,Good,PVC,Tiles,Corrugated Iron Sheet,Glazed Aluminium Sliding Window,Emulsion Paint,Good,Good,Not present,None
12/27/2024 13:42:29,300,Semi-detached house,165000000,2,12,2,3,Present,High density,Fair,POP,Marble,Long Span Aluminium Roofing sheet,Glazed Aluminium Sliding Window,Satin Paint,Fair,Good,Not present,Private gate/fence
12/27/2024 13:43:46,250,Bungalow,100000000,3,5,3,4,Present,Medium density,Very good,POP,Others,Aluminium Step Tiles Roofing Sheet,Casement,Emulsion Paint,Good,Very good,Present,Gated estate
12/27/2024 13:45:49,500,Detached house,300000000,4,10,3,4,Absent,Medium density,Very good,POP,Tiles,Long Span Aluminium Roofing sheet,Casement,Emulsion Paint,Fair,Very good,Present,Gated estate
12/27/2024 14:08:07,500,Terrace,70000000,2,4,2,3,Absent,Medium density,Good,POP,Marble,Long Span Aluminium Roofing sheet,Glazed Aluminium Sliding Window,Emulsion Paint,Fair,Good,Not present,Gated estate
12/27/2024 14:09:56,650,Semi-detached house,170000000,4,12,3,4,Present,High density,Good,POP,Marble,Long Span Aluminium Roofing sheet,Glazed Aluminium Sliding Window,Gloss Paint,Good,Fair,Present,Gated estate
12/27/2024 14:11:25,300,Detached house,220000000,5,5,5,6,Absent,Medium density,Very good,POP,Tiles,Long Span Aluminium Roofing sheet,Glazed Aluminium Sliding Window,Emulsion Paint,Good,Good,Not present,Gated estate
12/27/2024 14:13:55,450,Detached house,300000000,6,1,6,6,Present,High density,Very good,POP,Others,Long Span Aluminium Roofing sheet,Casement,Textcote Paint,Good,Very good,Present,Gated estate
12/27/2024 14:16:12,350,Detached house,350000000,5,4,6,7,Present,High density,Very good,Others,Marble,Long Span Aluminium Roofing sheet,Casement,Textcote Paint,Good,Good,Present,Private gate/fence
12/27/2024 14:19:02,800,Terrace,130000000,3,3,3,4,Absent,Medium density,Good,POP,Marble,Others,Glazed Aluminium Sliding Window,Gloss Paint,Fair,Fair,Not present,Gated estate
12/27/2024 14:20:42,120,Bungalow,80000000,2,8,2,3,Present,Medium density,Good,Others,Tiles,Aluminium Step Tiles Roofing Sheet,Glazed Aluminium Sliding Window,Gloss Paint,Good,Fair,Not present,Private gate/fence
12/27/2024 14:23:09,210,Terrace,145000000,4,12,2,3,Absent,High density,Very good,POP,Tiles,Long Span Aluminium Roofing sheet,Glazed Aluminium Sliding Window,Emulsion Paint,Good,Good,Not present,Gated estate
12/27/2024 14:24:34,683,Semi-detached house,170000000,5,1,5,6,Present,Medium density,Good,POP,Tiles,Aluminium Step Tiles Roofing Sheet,Casement,Gloss Paint,Fair,Very good,Present,Gated estate
12/27/2024 14:27:45,400,Detached house,230000000,4,7,4,5,Absent,Medium density,Good,Others,Marble,Long Span Aluminium Roofing sheet,Glazed Aluminium Sliding Window,Textcote Paint,Good,Good,Not present,Gated estate
12/27/2024 14:30:09,300,Semi-detached house,150000000,4,6,4,5,Present,Medium density,Good,POP,Others,Others,Glazed Aluminium Sliding Window,Gloss Paint,Fair,Fair,Present,Gated estate
12/27/2024 14:33:58,400,Detached house,280000000,3,9,4,5,Absent,High density,Good,POP,Tiles,Aluminium Step Tiles Roofing Sheet,Casement,Satin Paint,Good,Very good,Present,Private gate/fence
12/27/2024 14:44:14,500,Detached house,800000000,6,2,6,7,Present,High density,Very good,POP,Tiles,Aluminium Step Tiles Roofing Sheet,Casement,Emulsion Paint,Good,Very good,Present,Private gate/fence
12/27/2024 14:45:43,200,Semi-detached house,180000000,3,4,4,5,Present,Medium density,Good,POP,Tiles,Corrugated Iron Sheet,Glazed Aluminium Sliding Window,Emulsion Paint,Bad,Very good,Present,Gated estate
12/27/2024 14:47:20,430,Detached house,430000000,5,1,4,5,Absent,High density,Very good,POP,Others,Aluminium Step Tiles Roofing Sheet,Casement,Textcote Paint,Good,Good,Present,Gated estate
12/27/2024 14:48:49,300,Detached house,550000000,4,1,4,5,Absent,High density,Very good,POP,Others,Long Span Aluminium Roofing sheet,Glazed Aluminium Sliding Window,Gloss Paint,Good,Good,Present,Gated estate
12/27/2024 14:50:10,450,Detached house,300000000,4,5,4,5,Absent,High density,Very good,POP,Tiles,Aluminium Step Tiles Roofing Sheet,Casement,Emulsion Paint,Good,Good,Present,Gated estate
12/27/2024 14:51:35,500,Detached house,600000000,5,3,5,6,Absent,High density,Very good,POP,Marble,Long Span Aluminium Roofing sheet,Glazed Aluminium Sliding Window,Emulsion Paint,Good,Good,Present,Gated estate
12/27/2024 14:53:04,650,Detached house,220000000,1,1,3,4,Present,Medium density,Good,POP,Tiles,Long Span Aluminium Roofing sheet,Glazed Aluminium Sliding Window,Satin Paint,Good,Good,Not present,Private gate/fence
12/27/2024 14:57:00,300,Semi-detached house,180000000,4,6,3,3,Present,Low density,Good,POP,Tiles,Long Span Aluminium Roofing sheet,Glazed Aluminium Sliding Window,Gloss Paint,Fair,Fair,Not present,Private gate/fence
12/27/2024 14:59:13,650,Semi-detached house,170000000,3,7,3,4,Present,Medium density,Good,POP,Others,Aluminium Step Tiles Roofing Sheet,Casement,Gloss Paint,Good,Good,Not present,Street gate
12/27/2024 15:01:26,350,Semi-detached house,390000000,5,8,7,7,Absent,High density,Good,POP,Tiles,Long Span Aluminium Roofing sheet,Glazed Aluminium Sliding Window,Emulsion Paint,Good,Good,Present,Gated estate
12/27/2024 15:04:01,600,Detached house,1400000000,6,1,7,7,Present,High density,Very good,Others,Others,Long Span Aluminium Roofing sheet,Others,Emulsion Paint,Good,Very good,Present,Gated estate
12/27/2024 15:05:54,500,Detached house,180000000,4,15,3,3,Absent,Medium density,Fair,POP,Marble,Corrugated Iron Sheet,Glazed Aluminium Sliding Window,Emulsion Paint,Fair,Good,Not present,Street gate
12/28/2024 11:26:06,240,Bungalow,45000000,2,5,2,2,Absent,Medium density,Good,PVC,Others,Corrugated Iron Sheet,Glazed Aluminium Sliding Window,Gloss Paint,Bad,Fair,Not present,None
12/28/2024 11:27:20,150,Mini Flat,30000000,1,6,1,2,Absent,Medium density,Very good,POP,Tiles,Long Span Aluminium Roofing sheet,Casement,Emulsion Paint,Good,Good,Not present,Private gate/fence
12/28/2024 11:28:31,580,Detached house,190000000,3,2,3,4,Present,Medium density,Very good,POP,Tiles,Aluminium Step Tiles Roofing Sheet,Casement,Emulsion Paint,Good,Good,Present,Gated estate
12/28/2024 11:30:03,500,Semi-detached house,120000000,4,1,6,6,Present,Medium density,Very good,POP,Others,Long Span Aluminium Roofing sheet,Glazed Aluminium Sliding Window,Textcote Paint,Fair,Good,Not present,Private gate/fence
12/28/2024 11:31:18,500,Semi-detached house,110000000,5,10,4,4,Absent,Low density,Fair,POP,Tiles,Long Span Aluminium Roofing sheet,Casement,Satin Paint,Fair,Good,Not present,Gated estate
12/28/2024 11:33:02,400,Detached house,75000000,3,18,3,3,Absent,Medium density,Poor,Asbestos,Marble,Long Span Aluminium Roofing sheet,Glazed Aluminium Sliding Window,None,Bad,Good,Not present,Private gate/fence
12/28/2024 11:34:20,300,Bungalow,50000000,3,1,3,4,Absent,Medium density,Good,POP,Tiles,Long Span Aluminium Roofing sheet,Glazed Aluminium Sliding Window,Textcote Paint,Good,Good,Present,Gated estate
12/28/2024 11:35:52,200,Bungalow,55000000,4,4,4,5,Present,High density,Good,POP,Tiles,Aluminium Step Tiles Roofing Sheet,Casement,Emulsion Paint,Good,Very good,Present,Gated estate
12/28/2024 11:37:42,500,Bungalow,65000000,3,3,3,4,Absent,High density,Very good,POP,Tiles,Long Span Aluminium Roofing sheet,Glazed Aluminium Sliding Window,Emulsion Paint,Good,Good,Not present,Gated estate
12/28/2024 11:39:54,650,Detached house,210000000,4,1,2,4,Absent,Low density,Good,POP,Tiles,Long Span Aluminium Roofing sheet,Glazed Aluminium Sliding Window,Gloss Paint,Fair,Bad,Present,Gated estate
12/28/2024 11:54:25,900,Detached house,1000000000,7,1,9,8,Present,High density,Very good,POP,Tiles,Aluminium Step Tiles Roofing Sheet,Glazed Aluminium Sliding Window,Textcote Paint,Good,Very good,Present,Gated estate
12/28/2024 11:55:33,600,Detached house,400000000,6,2,4,5,Absent,High density,Good,POP,Tiles,Aluminium Step Tiles Roofing Sheet,Glazed Aluminium Sliding Window,Emulsion Paint,Good,Good,Present,Gated estate
12/28/2024 11:56:41,350,Semi-detached house,80000000,3,2,2,3,Absent,Low density,Good,POP,Tiles,Long Span Aluminium Roofing sheet,Glazed Aluminium Sliding Window,Gloss Paint,Fair,Good,Not present,Gated estate
12/28/2024 11:57:52,460,Terrace,980000000,3,1,3,3,Present,Low density,Very good,POP,Tiles,Aluminium Step Tiles Roofing Sheet,Glazed Aluminium Sliding Window,Textcote Paint,Good,Good,Not present,Gated estate
12/28/2024 11:59:04,300,Bungalow,75000000,4,8,3,3,Absent,Medium density,Good,PVC,Others,Aluminium Step Tiles Roofing Sheet,Glazed Aluminium Sliding Window,Satin Paint,Good,Good,Not present,Private gate/fence
12/28/2024 12:06:30,900,Detached house,800000000,5,5,5,6,Present,High density,Very good,POP,Tiles,Long Span Aluminium Roofing sheet,Casement,Textcote Paint,Good,Very good,Present,Private gate/fence
12/28/2024 12:08:24,600,Semi-detached house,350000000,4,2,4,4,Absent,High density,Good,POP,Tiles,Long Span Aluminium Roofing sheet,Glazed Aluminium Sliding Window,Gloss Paint,Fair,Very good,Present,Private gate/fence
12/28/2024 12:09:41,500,Terrace,220000000,3,1,3,4,Present,High density,Very good,POP,Others,Long Span Aluminium Roofing sheet,Glazed Aluminium Sliding Window,Satin Paint,Good,Good,Not present,Street gate
12/28/2024 12:11:08,640,Detached house,310000000,4,1,3,4,Absent,Medium density,Very good,POP,Tiles,Long Span Aluminium Roofing sheet,Casement,Emulsion Paint,Fair,Very good,Present,Gated estate
12/28/2024 12:12:15,300,Bungalow,170000000,5,1,5,6,Present,High density,Good,POP,Tiles,Long Span Aluminium Roofing sheet,Casement,Gloss Paint,Good,Good,Not present,Gated estate
12/28/2024 12:14:34,300,Detached house,270000000,5,2,5,5,Absent,Medium density,Good,POP,Tiles,Aluminium Step Tiles Roofing Sheet,Glazed Aluminium Sliding Window,Textcote Paint,Good,Good,Not present,Gated estate
12/28/2024 12:24:05,300,Bungalow,170000000,5,1,4,4,Absent,High density,Good,POP,Tiles,Long Span Aluminium Roofing sheet,Glazed Aluminium Sliding Window,Emulsion Paint,Fair,Good,Not present,Private gate/fence
12/28/2024 12:25:14,400,Semi-detached house,120000000,3,1,4,5,Absent,Medium density,Good,Others,Tiles,Aluminium Step Tiles Roofing Sheet,Glazed Aluminium Sliding Window,Emulsion Paint,Good,Good,Not present,Gated estate
12/28/2024 12:26:41,400,Detached house,200000000,4,12,4,4,Present,Medium density,Good,Others,Others,Long Span Aluminium Roofing sheet,Glazed Aluminium Sliding Window,Textcote Paint,Good,Fair,Present,Gated estate
12/28/2024 12:28:01,200,Semi-detached house,120000000,4,10,4,5,Absent,Low density,Good,POP,Tiles,Long Span Aluminium Roofing sheet,Others,Satin Paint,Fair,Fair,Not present,Gated estate
12/28/2024 12:29:58,300,Detached house,200000000,3,6,4,4,Present,Medium density,Very good,POP,Tiles,Aluminium Step Tiles Roofing Sheet,Glazed Aluminium Sliding Window,Gloss Paint,Good,Good,Present,Private gate/fence
12/28/2024 12:56:48,250,Terrace,90000000,2,2,2,3,Absent,Medium density,Good,POP,Tiles,Long Span Aluminium Roofing sheet,Casement,Emulsion Paint,Good,Good,Not present,Street gate
12/28/2024 12:57:49,600,Detached house,450000000,3,1,4,5,Present,Medium density,Very good,POP,Others,Long Span Aluminium Roofing sheet,Glazed Aluminium Sliding Window,Textcote Paint,Good,Very good,Present,Gated estate
12/28/2024 12:59:33,500,Semi-detached house,115000000,4,10,3,3,Absent,Medium density,Fair,POP,Tiles,Aluminium Step Tiles Roofing Sheet,Glazed Aluminium Sliding Window,Textcote Paint,Good,Fair,Not present,Gated estate
12/28/2024 13:00:36,300,Bungalow,165000000,2,1,3,4,Present,High density,Good,POP,Tiles,Aluminium Step Tiles Roofing Sheet,Glazed Aluminium Sliding Window,Emulsion Paint,Good,Good,Not present,Gated estate
12/28/2024 13:01:34,250,Bungalow,130000000,3,2,2,3,Absent,Medium density,Good,POP,Tiles,Long Span Aluminium Roofing sheet,Casement,Emulsion Paint,Good,Good,Not present,Private gate/fence
12/28/2024 13:02:51,500,Detached house,300000000,6,3,4,5,Absent,Medium density,Very good,Others,Tiles,Long Span Aluminium Roofing sheet,Glazed Aluminium Sliding Window,Satin Paint,Good,Very good,Present,Gated estate
12/28/2024 13:12:07,120,Bungalow,18000000,3,18,2,2,Absent,Low density,Poor,Asbestos,Cement screed,Long Span Aluminium Roofing sheet,Glazed Aluminium Sliding Window,None,Fair,Fair,Not present,Private gate/fence
12/28/2024 13:14:22,500,Detached house,250000000,5,1,5,6,Absent,Medium density,Very good,POP,Tiles,Others,Glazed Aluminium Sliding Window,Textcote Paint,Good,Very good,,Gated estate
12/28/2024 13:16:45,500,Detached house,261500000,4,3,4,5,Present,Medium density,Very good,POP,Tiles,Long Span Aluminium Roofing sheet,Others,Emulsion Paint,Good,Fair,Not present,Private gate/fence
12/28/2024 13:18:09,300,Semi-detached house,90000000,3,5,3,4,Absent,Medium density,Good,POP,Tiles,Long Span Aluminium Roofing sheet,Glazed Aluminium Sliding Window,Satin Paint,Good,Good,Not present,Private gate/fence
12/28/2024 13:20:09,165,Detached house,205000000,3,9,3,4,Present,Medium density,Very good,POP,Tiles,Aluminium Step Tiles Roofing Sheet,Glazed Aluminium Sliding Window,Gloss Paint,Good,Good,,Private gate/fence
12/28/2024 13:26:49,650,Bungalow,60000000,3,1,4,4,Absent,Medium density,Very good,POP,Tiles,Long Span Aluminium Roofing sheet,Casement,Emulsion Paint,Bad,Good,Not present,Gated estate
12/28/2024 13:36:39,243,Bungalow,48000000,3,6,3,4,Absent,Low density,Good,POP,Tiles,Long Span Aluminium Roofing sheet,Glazed Aluminium Sliding Window,Gloss Paint,Good,Fair,Not present,None
12/28/2024 13:38:30,250,Terrace,250000000,,3,3,3,Absent,Medium density,,Others,Tiles,Long Span Aluminium Roofing sheet,Casement,Textcote Paint,Fair,Fair,Not present,Gated estate
12/28/2024 13:49:05,700,Detached house,500000000,7,10,7,8,Present,Medium density,Good,Others,Tiles,Long Span Aluminium Roofing sheet,Glazed Aluminium Sliding Window,Emulsion Paint,Fair,Very good,Not present,Private gate/fence
12/28/2024 13:50:05,300,Bungalow,48000000,3,6,3,3,Absent,Low density,Good,POP,Tiles,Long Span Aluminium Roofing sheet,Glazed Aluminium Sliding Window,Satin Paint,Fair,Good,Not present,Private gate/fence
12/28/2024 13:51:41,450,Semi-detached house,250000000,4,2,4,5,Present,Medium density,Very good,Others,Tiles,Long Span Aluminium Roofing sheet,Casement,Gloss Paint,Good,Good,Not present,Gated estate
12/28/2024 13:53:18,350,Semi-detached house,75000000,3,9,2,3,Absent,Low density,Good,POP,Others,Long Span Aluminium Roofing sheet,Glazed Aluminium Sliding Window,Textcote Paint,Fair,Good,Not present,Street gate
12/28/2024 13:54:23,400,Semi-detached house,100000000,4,5,4,5,Present,Medium density,Good,Others,Tiles,Aluminium Step Tiles Roofing Sheet,Glazed Aluminium Sliding Window,Emulsion Paint,Good,Fair,Not present,Gated estate
12/28/2024 13:56:01,800,Detached house,900000000,5,1,6,7,Present,High density,Very good,POP,Tiles,Long Span Aluminium Roofing sheet,Glazed Aluminium Sliding Window,Emulsion Paint,Good,Good,Present,Gated estate
12/28/2024 13:58:06,800,Detached house,950000000,5,12,5,6,Present,High density,Good,POP,Marble,Long Span Aluminium Roofing sheet,Glazed Aluminium Sliding Window,Textcote Paint,Good,Very good,Present,Private gate/fence
12/28/2024 13:59:15,120,Mini Flat,50000000,1,1,1,2,Absent,Medium density,Good,POP,Others,Long Span Aluminium Roofing sheet,Glazed Aluminium Sliding Window,Emulsion Paint,Good,Very good,Not present,Private gate/fence
12/28/2024 14:01:01,200,Detached house,220000000,2,1,2,3,Present,Medium density,Fair,POP,Others,Aluminium Step Tiles Roofing Sheet,Glazed Aluminium Sliding Window,Gloss Paint,Bad,Good,Not present,Private gate/fence
12/28/2024 14:03:22,400,Semi-detached house,100000000,4,1,4,5,Present,Medium density,Good,POP,Tiles,Long Span Aluminium Roofing sheet,Glazed Aluminium Sliding Window,Emulsion Paint,Good,Good,Not present,Private gate/fence
12/28/2024 14:05:04,450,Semi-detached house,120000000,5,16,4,5,Present,Medium density,Good,Others,Tiles,Long Span Aluminium Roofing sheet,Casement,Emulsion Paint,Good,Good,Not present,Gated estate
12/28/2024 14:11:45,450,Detached house,350000000,5,4,6,7,Present,High density,Good,POP,Tiles,Long Span Aluminium Roofing sheet,Glazed Aluminium Sliding Window,Emulsion Paint,Good,Very good,Present,Gated estate
12/28/2024 14:12:43,350,Semi-detached house,120000000,4,7,4,4,Present,Medium density,Good,Others,Tiles,Long Span Aluminium Roofing sheet,Glazed Aluminium Sliding Window,Emulsion Paint,Fair,Good,Not present,Private gate/fence
12/28/2024 14:13:43,700,Detached house,260000000,7,9,6,7,Present,Medium density,Good,POP,Tiles,Long Span Aluminium Roofing sheet,Casement,Textcote Paint,Fair,Good,Present,Private gate/fence
12/28/2024 14:15:06,600,Bungalow,75000000,5,11,3,3,Absent,Medium density,Good,PVC,Tiles,Long Span Aluminium Roofing sheet,Casement,Gloss Paint,Good,Good,Not present,Private gate/fence
12/28/2024 14:16:52,450,Detached house,450000000,5,1,5,6,Present,Medium density,Very good,POP,Tiles,Long Span Aluminium Roofing sheet,Glazed Aluminium Sliding Window,Textcote Paint,Good,Good,Not present,Gated estate
12/28/2024 14:18:16,500,Detached house,350000000,4,2,4,5,Absent,Medium density,Very good,POP,Others,Aluminium Step Tiles Roofing Sheet,Glazed Aluminium Sliding Window,Emulsion Paint,Good,Good,Not present,Private gate/fence
12/28/2024 14:19:32,259,Semi-detached house,85000000,4,9,2,3,Absent,Low density,Good,POP,Tiles,Long Span Aluminium Roofing sheet,Glazed Aluminium Sliding Window,Satin Paint,Fair,Good,Not present,Private gate/fence
12/28/2024 14:21:06,400,Detached house,2100000000,4,2,5,6,Absent,High density,Very good,POP,Tiles,Aluminium Step Tiles Roofing Sheet,Glazed Aluminium Sliding Window,Textcote Paint,Good,Very good,Present,Private gate/fence
12/28/2024 14:22:30,250,Semi-detached house,130000000,4,1,4,5,Present,Medium density,Good,POP,Tiles,Long Span Aluminium Roofing sheet,Casement,Emulsion Paint,Fair,Good,Present,Gated estate
12/28/2024 14:23:41,300,Detached house,280000000,5,3,4,5,Present,Medium density,Good,Others,Others,Long Span Aluminium Roofing sheet,Glazed Aluminium Sliding Window,Gloss Paint,Fair,Good,Present,Gated estate
12/28/2024 14:24:41,250,Detached house,95000000,4,5,3,3,Absent,Low density,Good,POP,Others,Long Span Aluminium Roofing sheet,Glazed Aluminium Sliding Window,Satin Paint,Fair,Fair,Not present,Gated estate
12/28/2024 14:27:14,500,Detached house,1100000000,5,1,6,7,Present,High density,Very good,POP,Tiles,Others,Glazed Aluminium Sliding Window,Emulsion Paint,Good,Very good,Present,Gated estate
12/28/2024 14:28:12,450,Semi-detached house,260000000,4,3,4,5,Absent,High density,Good,POP,Tiles,Long Span Aluminium Roofing sheet,Casement,Emulsion Paint,Good,Good,Not present,Gated estate
12/28/2024 14:29:50,450,Detached house,390000000,5,5,5,6,Present,Medium density,Very good,POP,Tiles,Long Span Aluminium Roofing sheet,Glazed Aluminium Sliding Window,Gloss Paint,Good,Good,Not present,Private gate/fence
12/28/2024 14:30:44,500,Detached house,470000000,5,1,6,7,Absent,High density,Very good,POP,Tiles,Long Span Aluminium Roofing sheet,Glazed Aluminium Sliding Window,Textcote Paint,Good,Very good,Present,Gated estate
12/28/2024 14:32:08,450,Detached house,380000000,5,8,4,6,Absent,High density,Good,POP,Tiles,Aluminium Step Tiles Roofing Sheet,Glazed Aluminium Sliding Window,Emulsion Paint,Good,Good,Not present,Gated estate
12/28/2024 14:34:35,1050,Bungalow,630000000,5,5,4,4,Absent,Medium density,Good,POP,Tiles,Aluminium Step Tiles Roofing Sheet,Casement,Emulsion Paint,Good,Good,Not present,Private gate/fence
12/28/2024 14:36:06,600,Bungalow,20000000,3,23,2,2,Absent,Low density,Poor,Asbestos,Cement screed,Corrugated Iron Sheet,Louvers Blade,Gloss Paint,Fair,Good,Not present,Private gate/fence
12/28/2024 14:37:26,650,Bungalow,38000000,6,21,2,2,Absent,Low density,Fair,POP,Tiles,Corrugated Iron Sheet,Glazed Aluminium Sliding Window,None,Fair,Fair,Not present,None
12/28/2024 14:38:45,356,Bungalow,25000000,3,18,2,2,Absent,Low density,Fair,PVC,Cement screed,Long Span Aluminium Roofing sheet,Louvers Blade,Satin Paint,Fair,Bad,Not present,Private gate/fence
12/28/2024 14:39:47,652,Bungalow,65000000,3,8,2,3,Present,Medium density,Good,POP,Tiles,Long Span Aluminium Roofing sheet,Casement,Emulsion Paint,Fair,Good,Not present,Private gate/fence
12/30/2024 9:18:35,350,Bungalow,35000000,5,25,3,3,Absent,Low density,Fair,Asbestos,Cement screed,Corrugated Iron Sheet,Glazed Aluminium Sliding Window,Gloss Paint,Fair,Fair,Not present,None
12/30/2024 9:19:46,400,Detached house,120000000,5,16,3,4,Absent,Medium density,Good,POP,Tiles,Long Span Aluminium Roofing sheet,Glazed Aluminium Sliding Window,Satin Paint,Fair,Good,Not present,Private gate/fence
12/30/2024 9:21:07,500,Bungalow,60000000,5,12,3,4,Absent,Medium density,Good,Asbestos,Tiles,Long Span Aluminium Roofing sheet,Glazed Aluminium Sliding Window,Emulsion Paint,Good,Fair,Not present,Private gate/fence
12/30/2024 9:22:13,670,Bungalow,100000000,3,14,3,3,Present,Medium density,Good,POP,Wooden,Long Span Aluminium Roofing sheet,Glazed Aluminium Sliding Window,Textcote Paint,Good,Good,Not present,Private gate/fence
12/30/2024 13:23:45,1300,Detached house,198000000,10,16,7,7,Absent,Medium density,Good,POP,Others,Long Span Aluminium Roofing sheet,Glazed Aluminium Sliding Window,Emulsion Paint,Good,Good,Not present,Private gate/fence
12/30/2024 13:25:21,350,Bungalow,40000000,3,9,3,3,Absent,Medium density,Good,PVC,Tiles,Long Span Aluminium Roofing sheet,Glazed Aluminium Sliding Window,Textcote Paint,Fair,Good,Not present,Private gate/fence
12/30/2024 13:26:42,600,Semi-detached house,190000000,5,2,5,6,Absent,High density,Very good,POP,Tiles,Aluminium Step Tiles Roofing Sheet,Glazed Aluminium Sliding Window,Textcote Paint,Good,Good,Not present,Gated estate
12/30/2024 13:28:29,300,Detached house,160000000,5,4,5,6,Present,Medium density,Very good,POP,Tiles,Long Span Aluminium Roofing sheet,Glazed Aluminium Sliding Window,Gloss Paint,Fair,Very good,Not present,Gated estate
12/30/2024 13:30:21,950,Detached house,38000000,5,15,5,5,Absent,Low density,Good,Asbestos,Tiles,Corrugated Iron Sheet,Glazed Aluminium Sliding Window,Emulsion Paint,Good,Bad,Not present,Private gate/fence
12/30/2024 13:32:23,300,Semi-detached house,90000000,4,7,3,4,Absent,Medium density,Very good,POP,Tiles,Long Span Aluminium Roofing sheet,Glazed Aluminium Sliding Window,Gloss Paint,Bad,Good,Not present,Gated estate
12/30/2024 13:33:54,400,Semi-detached house,70000000,4,12,3,4,Present,Medium density,Good,POP,Tiles,Corrugated Iron Sheet,Glazed Aluminium Sliding Window,Emulsion Paint,Fair,Good,Not present,Street gate
12/30/2024 13:35:16,550,Semi-detached house,600000000,5,1,5,7,Present,High density,Very good,POP,Tiles,Others,Glazed Aluminium Sliding Window,Emulsion Paint,Good,Very good,Present,Gated estate
12/30/2024 13:36:45,400,Detached house,350000000,5,6,4,5,Absent,High density,Very good,POP,Tiles,Aluminium Step Tiles Roofing Sheet,Casement,Textcote Paint,Good,Very good,Present,Private gate/fence
12/30/2024 13:38:22,500,Detached house,325000000,5,5,5,6,Present,High density,Very good,POP,Tiles,Long Span Aluminium Roofing sheet,Casement,Gloss Paint,Fair,Very good,Not present,Gated estate
12/30/2024 14:05:39,300,Terrace,120000000,4,1,4,5,Absent,High density,Very good,POP,Tiles,Long Span Aluminium Roofing sheet,Glazed Aluminium Sliding Window,Textcote Paint,Good,Very good,Present,Gated estate
12/30/2024 14:06:56,300,Bungalow,45000000,3,4,3,4,Absent,Medium density,Good,POP,Tiles,Aluminium Step Tiles Roofing Sheet,Casement,Emulsion Paint,Good,Good,Present,Gated estate
12/30/2024 14:08:06,500,Detached house,160000000,5,3,4,5,Present,Medium density,Very good,POP,Tiles,Long Span Aluminium Roofing sheet,Glazed Aluminium Sliding Window,Emulsion Paint,Fair,Good,Present,Gated estate
12/30/2024 14:09:26,280,Terrace,60000000,3,1,3,4,Absent,Medium density,Good,Others,Marble,Aluminium Step Tiles Roofing Sheet,Glazed Aluminium Sliding Window,Satin Paint,Fair,Good,Not present,Gated estate
12/30/2024 14:11:19,350,Detached house,47000000,3,12,2,3,Absent,Medium density,Fair,POP,Tiles,Aluminium Step Tiles Roofing Sheet,Glazed Aluminium Sliding Window,Satin Paint,Bad,Fair,Not present,None
12/30/2024 14:12:56,500,Detached house,370000000,5,1,5,6,Present,High density,Very good,POP,Tiles,Aluminium Step Tiles Roofing Sheet,Glazed Aluminium Sliding Window,Emulsion Paint,Good,Good,Present,Gated estate
12/30/2024 14:14:27,300,Detached house,225000000,4,8,4,5,Absent,High density,Very good,POP,Others,Long Span Aluminium Roofing sheet,Glazed Aluminium Sliding Window,Textcote Paint,Good,Good,Not present,Gated estate
12/30/2024 15:17:34,320,Semi-detached house,140000000,4,10,4,6,Present,Medium density,Good,POP,Tiles,Long Span Aluminium Roofing sheet,Casement,Textcote Paint,Fair,Good,Present,Gated estate
12/30/2024 15:20:40,400,Semi-detached house,76000000,5,15,5,6,Absent,Medium density,Fair,POP,Tiles,Aluminium Step Tiles Roofing Sheet,Glazed Aluminium Sliding Window,Emulsion Paint,Good,Good,Present,Street gate
12/30/2024 15:22:35,400,Detached house,200000000,4,2,4,5,Absent,High density,Good,POP,Others,Long Span Aluminium Roofing sheet,Casement,Textcote Paint,Good,Very good,Present,Gated estate
12/30/2024 15:24:31,350,Detached house,175000000,5,1,6,6,Present,Medium density,Very good,POP,Tiles,Long Span Aluminium Roofing sheet,Glazed Aluminium Sliding Window,Emulsion Paint,Good,Good,Not present,Private gate/fence
12/30/2024 15:26:15,420,Detached house,250000000,6,2,5,6,Absent,High density,Very good,POP,Tiles,Aluminium Step Tiles Roofing Sheet,Glazed Aluminium Sliding Window,Gloss Paint,Good,Good,Not present,Private gate/fence
12/30/2024 15:27:54,300,Semi-detached house,190000000,5,1,5,6,Present,High density,Very good,POP,Others,Long Span Aluminium Roofing sheet,Glazed Aluminium Sliding Window,Emulsion Paint,Good,Very good,Present,Gated estate
12/30/2024 15:36:09,500,Semi-detached house,140000000,4,3,4,5,Absent,Medium density,Very good,Others,Tiles,Aluminium Step Tiles Roofing Sheet,Casement,Emulsion Paint,Fair,Very good,Not present,Gated estate
12/30/2024 15:37:49,465,Detached house,180000000,4,5,4,5,Present,High density,Good,POP,Tiles,Aluminium Step Tiles Roofing Sheet,Glazed Aluminium Sliding Window,Textcote Paint,Good,Good,Not present,Gated estate
12/30/2024 15:39:22,180,Detached house,120000000,3,4,3,4,Present,Medium density,Good,Others,Tiles,Long Span Aluminium Roofing sheet,Others,Gloss Paint,Bad,Very good,Not present,Private gate/fence
12/30/2024 15:41:00,400,Semi-detached house,280000000,5,1,6,6,Present,High density,Very good,POP,Tiles,Aluminium Step Tiles Roofing Sheet,Glazed Aluminium Sliding Window,Textcote Paint,Good,Good,Present,Gated estate
12/30/2024 15:43:10,580,Detached house,230000000,5,6,6,7,Present,High density,Good,Others,Tiles,Aluminium Step Tiles Roofing Sheet,Glazed Aluminium Sliding Window,Satin Paint,Good,Very good,Present,Private gate/fence
12/30/2024 15:45:03,350,Detached house,87000000,4,1,5,4,Absent,Medium density,Very good,POP,Tiles,Corrugated Iron Sheet,Glazed Aluminium Sliding Window,Satin Paint,Good,Good,Not present,Street gate
12/30/2024 16:00:14,500,Detached house,260000000,5,1,5,6,Present,Medium density,Very good,POP,Tiles,Others,Glazed Aluminium Sliding Window,Emulsion Paint,Good,Very good,Present,Gated estate
12/30/2024 16:02:44,600,Detached house,130000000,4,14,4,5,Absent,Low density,Fair,Others,Tiles,Long Span Aluminium Roofing sheet,Glazed Aluminium Sliding Window,Textcote Paint,Fair,Fair,Not present,Private gate/fence
12/30/2024 16:03:52,500,Bungalow,70000000,3,2,3,4,Absent,Medium density,Very good,POP,Tiles,Long Span Aluminium Roofing sheet,Glazed Aluminium Sliding Window,Emulsion Paint,Good,Good,Present,Private gate/fence
12/30/2024 16:05:16,400,Semi-detached house,175000000,4,5,5,6,Present,High density,Very good,POP,Tiles,Aluminium Step Tiles Roofing Sheet,Glazed Aluminium Sliding Window,Gloss Paint,Good,Very good,Not present,Gated estate
12/30/2024 16:06:31,170,Semi-detached house,110000000,4,3,4,5,Absent,Medium density,Good,POP,Tiles,Long Span Aluminium Roofing sheet,Others,Textcote Paint,Good,Good,Not present,Gated estate
12/30/2024 16:08:07,350,Detached house,175000000,5,2,5,6,Present,Medium density,Good,POP,Tiles,Aluminium Step Tiles Roofing Sheet,Casement,Textcote Paint,Good,Good,Not present,Gated estate
12/30/2024 16:09:55,500,Semi-detached house,120000000,4,5,4,5,Present,Medium density,Very good,POP,Others,Long Span Aluminium Roofing sheet,Glazed Aluminium Sliding Window,Emulsion Paint,Good,Very good,Not present,Gated estate
12/30/2024 16:11:01,250,Bungalow,75000000,3,1,3,4,Present,High density,Good,POP,Tiles,Aluminium Step Tiles Roofing Sheet,Glazed Aluminium Sliding Window,Textcote Paint,Good,Very good,Present,Gated estate
12/30/2024 16:12:02,280,Terrace,75000000,3,1,3,4,Present,Medium density,Very good,POP,Tiles,Aluminium Step Tiles Roofing Sheet,Casement,Satin Paint,Fair,Good,Present,Street gate
12/30/2024 16:13:35,300,Detached house,115000000,5,1,4,5,Present,Medium density,Very good,Others,Tiles,Long Span Aluminium Roofing sheet,Casement,Textcote Paint,Good,Very good,Present,Gated estate
12/30/2024 16:16:51,120,Terrace,75000000,4,2,4,5,Absent,Medium density,Very good,POP,Others,Long Span Aluminium Roofing sheet,Glazed Aluminium Sliding Window,Emulsion Paint,Good,Good,Present,Street gate
12/30/2024 16:18:43,350,Semi-detached house,120000000,4,1,4,4,Absent,Low density,Very good,POP,Others,Aluminium Step Tiles Roofing Sheet,Casement,Emulsion Paint,Good,Fair,Present,Gated estate
12/30/2024 16:21:06,250,Terrace,125000000,5,3,5,6,Present,High density,Good,POP,Others,Aluminium Step Tiles Roofing Sheet,Glazed Aluminium Sliding Window,Gloss Paint,Good,Good,Not present,Private gate/fence
12/30/2024 16:25:28,400,Semi-detached house,150000000,4,5,4,5,Absent,Medium density,Good,Others,Others,Long Span Aluminium Roofing sheet,Casement,Satin Paint,Fair,Very good,Not present,Gated estate
12/30/2024 16:28:02,90,Terrace,55000000,2,5,2,3,Absent,Medium density,Very good,POP,Tiles,Long Span Aluminium Roofing sheet,Casement,Gloss Paint,Good,Good,Present,Gated estate
12/30/2024 16:29:42,250,Terrace,75000000,4,1,4,5,Absent,High density,Good,POP,Tiles,Others,Glazed Aluminium Sliding Window,Emulsion Paint,Good,Good,Present,Street gate
12/30/2024 16:31:21,600,Detached house,150000000,4,1,3,4,Present,Medium density,Very good,POP,Tiles,Others,Glazed Aluminium Sliding Window,Satin Paint,Fair,Good,Not present,Private gate/fence
12/30/2024 16:33:10,501,Detached house,250000000,5,6,6,7,Present,High density,Good,POP,Others,Aluminium Step Tiles Roofing Sheet,Casement,Gloss Paint,Good,Very good,Present,Private gate/fence
12/30/2024 16:34:56,500,,160000000,4,1,5,6,Present,Medium density,Very good,POP,Tiles,Aluminium Step Tiles Roofing Sheet,Casement,Emulsion Paint,Good,Good,Present,Gated estate
12/30/2024 16:36:17,500,Bungalow,60000000,2,1,2,3,Absent,Medium density,Good,POP,Others,Aluminium Step Tiles Roofing Sheet,Glazed Aluminium Sliding Window,Textcote Paint,Good,Good,Not present,Private gate/fence
12/30/2024 16:38:18,600,Detached house,65000000,3,2,4,5,Present,Medium density,Fair,Others,Others,Long Span Aluminium Roofing sheet,Glazed Aluminium Sliding Window,None,Bad,Bad,Not present,None
12/30/2024 16:39:51,500,Detached house,100000000,4,3,4,5,Absent,Medium density,Very good,POP,Tiles,Long Span Aluminium Roofing sheet,Casement,Gloss Paint,Good,Very good,Present,Private gate/fence
12/30/2024 16:41:10,400,Bungalow,45000000,2,2,3,3,Present,Medium density,Very good,POP,Others,Long Span Aluminium Roofing sheet,Glazed Aluminium Sliding Window,Gloss Paint,Good,Good,Not present,Private gate/fence
12/30/2024 16:42:22,300,Detached house,160000000,4,7,4,5,Present,Medium density,Good,POP,Wooden,Long Span Aluminium Roofing sheet,Casement,Emulsion Paint,Good,Good,Present,Private gate/fence
12/30/2024 16:46:25,350,Semi-detached house,65000000,3,9,4,4,Present,Low density,Good,Others,Tiles,Long Span Aluminium Roofing sheet,Glazed Aluminium Sliding Window,Emulsion Paint,Good,Good,Not present,Gated estate
12/30/2024 16:47:39,400,Detached house,750000000,5,6,6,7,Present,High density,Very good,POP,Others,Aluminium Step Tiles Roofing Sheet,Casement,Textcote Paint,Good,Very good,Not present,Private gate/fence
12/30/2024 16:48:48,350,Detached house,390000000,5,10,4,5,Absent,High density,Good,POP,Others,Aluminium Step Tiles Roofing Sheet,Glazed Aluminium Sliding Window,Emulsion Paint,Good,Good,Present,Gated estate
12/30/2024 16:51:27,350,Detached house,600000000,5,2,5,6,Absent,High density,Good,POP,Tiles,Long Span Aluminium Roofing sheet,Glazed Aluminium Sliding Window,Emulsion Paint,Good,Good,Present,Gated estate
12/30/2024 16:52:40,400,Detached house,490000000,5,1,5,6,Absent,High density,Good,Others,Tiles,Long Span Aluminium Roofing sheet,Casement,Textcote Paint,Good,Very good,Present,Gated estate
12/30/2024 16:53:46,580,Detached house,650000000,6,2,6,7,Present,High density,Very good,Others,Others,Aluminium Step Tiles Roofing Sheet,Glazed Aluminium Sliding Window,Emulsion Paint,Good,Good,Present,Private gate/fence
12/30/2024 16:54:51,400,Semi-detached house,230000000,4,3,5,6,Present,High density,Good,POP,Others,Long Span Aluminium Roofing sheet,Casement,Gloss Paint,Good,Good,Present,Gated estate
12/30/2024 16:56:27,650,Detached house,600000000,4,1,5,6,Present,High density,Very good,Others,Tiles,Long Span Aluminium Roofing sheet,Others,Gloss Paint,Good,Good,Present,Gated estate
12/30/2024 16:57:30,450,Detached house,260000000,5,3,4,5,Absent,High density,Good,Others,Others,Long Span Aluminium Roofing sheet,Glazed Aluminium Sliding Window,Textcote Paint,Good,Good,Present,Gated estate
1/3/2025 11:02:22,300,Bungalow,48000000,3,,3,4,Present,Medium density,Good,POP,Others,Aluminium Step Tiles Roofing Sheet,Casement,Emulsion Paint,Good,Good,Not present,Private gate/fence
1/3/2025 11:04:30,350,Bungalow,75000000,4,3,4,5,Present,High density,Good,POP,Tiles,Aluminium Step Tiles Roofing Sheet,Glazed Aluminium Sliding Window,Textcote Paint,Good,Very good,Present,Private gate/fence
1/3/2025 11:05:37,600,Bungalow,67500000,5,12,4,5,Absent,Low density,Good,PVC,Tiles,Long Span Aluminium Roofing sheet,Casement,Gloss Paint,Fair,Good,Not present,Street gate
1/3/2025 11:07:13,650,Bungalow,45000000,4,15,2,3,Absent,Low density,Good,Others,Tiles,Long Span Aluminium Roofing sheet,Glazed Aluminium Sliding Window,Satin Paint,Good,Fair,Not present,None
1/3/2025 11:09:22,300,Bungalow,13000000,3,25,2,2,Absent,Low density,Poor,Asbestos,Marble,Corrugated Iron Sheet,Glazed Aluminium Sliding Window,None,Fair,Fair,Not present,None
1/3/2025 11:10:27,300,Bungalow,60000000,3,1,3,4,Present,Medium density,Very good,POP,Tiles,Long Span Aluminium Roofing sheet,Glazed Aluminium Sliding Window,Textcote Paint,Good,Very good,Not present,Gated estate
1/3/2025 11:11:37,150,Bungalow,55000000,2,4,2,2,Absent,Medium density,Good,POP,Others,Aluminium Step Tiles Roofing Sheet,Casement,Gloss Paint,Good,Good,Not present,Gated estate
1/3/2025 11:12:54,300,Bungalow,24000000,3,10,2,2,Absent,Low density,Fair,POP,Tiles,Corrugated Iron Sheet,Glazed Aluminium Sliding Window,None,Fair,Fair,Not present,None
1/3/2025 11:14:01,300,Bungalow,70000000,3,1,3,4,Present,Medium density,Good,POP,Tiles,Others,Glazed Aluminium Sliding Window,Emulsion Paint,Good,Good,Present,Private gate/fence
1/3/2025 11:15:13,700,Bungalow,40000000,3,6,2,3,Absent,Medium density,Good,Others,Tiles,Long Span Aluminium Roofing sheet,Glazed Aluminium Sliding Window,Gloss Paint,Good,Good,Not present,Private gate/fence
1/3/2025 11:16:54,350,Bungalow,65000000,3,4,3,3,Present,Medium density,Good,POP,Tiles,Aluminium Step Tiles Roofing Sheet,Glazed Aluminium Sliding Window,Emulsion Paint,Good,Good,Present,Gated estate
1/3/2025 11:30:34,300,Bungalow,49000000,3,4,3,4,Present,Medium density,Very good,POP,Tiles,Long Span Aluminium Roofing sheet,Glazed Aluminium Sliding Window,Gloss Paint,Fair,Good,Not present,Gated estate
1/3/2025 11:32:03,1400,Bungalow,97000000,5,1,4,5,Present,High density,Good,POP,Tiles,Others,Glazed Aluminium Sliding Window,Emulsion Paint,Good,Good,Not present,Street gate
1/3/2025 11:33:23,980,Bungalow,125000000,4,8,4,4,Present,Medium density,Good,POP,Tiles,Long Span Aluminium Roofing sheet,Glazed Aluminium Sliding Window,Gloss Paint,Fair,Good,Not present,Private gate/fence
1/3/2025 11:34:53,664,Bungalow,50000000,6,9,4,4,Absent,Low density,Fair,PVC,Marble,Corrugated Iron Sheet,Casement,Gloss Paint,Bad,Good,Not present,None
1/3/2025 11:38:20,150,Bungalow,20000000,4,28,2,2,Absent,Low density,Fair,Asbestos,Tiles,Corrugated Iron Sheet,Louvers Blade,Gloss Paint,Bad,Fair,Not present,None
1/3/2025 11:40:45,300,Semi-detached house,85000000,4,6,3,4,Present,Medium density,Good,Others,Tiles,Long Span Aluminium Roofing sheet,Casement,Emulsion Paint,Fair,Good,Present,Gated estate
1/3/2025 11:41:49,280,Terrace,65000000,4,1,3,4,Absent,Medium density,Very good,POP,Tiles,Others,Glazed Aluminium Sliding Window,Textcote Paint,Good,Good,Not present,Gated estate
1/3/2025 11:43:27,400,Semi-detached house,250000000,4,1,4,5,Present,High density,Very good,POP,Others,Aluminium Step Tiles Roofing Sheet,Glazed Aluminium Sliding Window,Gloss Paint,Good,Good,Present,Gated estate
1/3/2025 11:45:02,350,Detached house,380000000,5,3,5,6,Absent,High density,Very good,Others,Tiles,Long Span Aluminium Roofing sheet,Glazed Aluminium Sliding Window,Emulsion Paint,Fair,Very good,Present,Gated estate
1/3/2025 11:54:21,500,Detached house,550000000,5,2,5,6,Present,Medium density,Very good,PVC,Tiles,Others,Glazed Aluminium Sliding Window,Emulsion Paint,Good,Very good,Not present,Private gate/fence
1/3/2025 11:56:22,480,Detached house,380000000,5,4,4,5,Absent,High density,Good,POP,Marble,Aluminium Step Tiles Roofing Sheet,Glazed Aluminium Sliding Window,Textcote Paint,Good,Good,Present,
1/3/2025 12:00:49,700,Detached house,600000000,6,1,5,6,Present,High density,Very good,POP,Tiles,Long Span Aluminium Roofing sheet,Glazed Aluminium Sliding Window,Gloss Paint,Good,Good,Not present,Gated estate
1/3/2025 12:03:58,1024,Detached house,535000000,5,35,4,5,Present,High density,Fair,Others,Marble,Others,Glazed Aluminium Sliding Window,Emulsion Paint,Bad,Fair,Not present,Private gate/fence
1/3/2025 12:05:19,250,Semi-detached house,130000000,4,6,3,3,Absent,Medium density,Good,Others,Tiles,Long Span Aluminium Roofing sheet,Glazed Aluminium Sliding Window,Emulsion Paint,Good,Fair,Not present,Gated estate
1/3/2025 13:19:02,500,Bungalow,25000000,5,35,2,2,Absent,Low density,Poor,Asbestos,Cement screed,Corrugated Iron Sheet,Louvers Blade,Satin Paint,Bad,Bad,Not present,None
1/3/2025 13:20:36,300,Semi-detached house,150000000,4,4,3,4,Absent,Medium density,Very good,POP,Tiles,Long Span Aluminium Roofing sheet,Glazed Aluminium Sliding Window,Emulsion Paint,Good,Good,Present,Gated estate
1/3/2025 13:21:47,1000,Detached house,70000000,3,18,3,3,Present,Medium density,Good,Asbestos,Tiles,Aluminium Step Tiles Roofing Sheet,Casement,Gloss Paint,Fair,Good,Not present,Private gate/fence
1/3/2025 13:22:55,350,Semi-detached house,120000000,4,1,5,4,Present,Medium density,Good,Others,Others,Long Span Aluminium Roofing sheet,Glazed Aluminium Sliding Window,Textcote Paint,Good,Good,Present,Gated estate
1/3/2025 13:24:01,350,Bungalow,18000000,10,26,2,2,Absent,Low density,Poor,Asbestos,Cement screed,Corrugated Iron Sheet,Louvers Blade,None,Bad,Fair,Not present,None
1/3/2025 13:25:41,1000,Detached house,200000000,8,18,5,5,Absent,Low density,Good,Asbestos,Tiles,Long Span Aluminium Roofing sheet,Casement,Emulsion Paint,Good,Good,Not present,Private gate/fence
1/3/2025 13:27:00,500,Semi-detached house,2200000000,7,1,7,8,Present,High density,Very good,POP,Tiles,Aluminium Step Tiles Roofing Sheet,Glazed Aluminium Sliding Window,Emulsion Paint,Good,Very good,Present,Gated estate
1/3/2025 14:16:45,250,Semi-detached house,95000000,4,1,3,4,Absent,Medium density,Good,POP,Tiles,Long Span Aluminium Roofing sheet,Glazed Aluminium Sliding Window,Emulsion Paint,Fair,Very good,Not present,Gated estate
1/3/2025 14:18:05,400,Terrace,170000000,4,2,4,5,Present,High density,Good,Others,Tiles,Aluminium Step Tiles Roofing Sheet,Glazed Aluminium Sliding Window,Emulsion Paint,Good,Good,Not present,Gated estate
1/3/2025 14:19:09,500,Bungalow,75000000,2,1,3,3,Absent,Medium density,Good,POP,Tiles,Aluminium Step Tiles Roofing Sheet,Casement,Emulsion Paint,Good,Good,Present,Gated estate
1/3/2025 14:20:09,100,Mini Flat,18000000,1,3,2,1,Absent,Medium density,Good,Others,Tiles,Aluminium Step Tiles Roofing Sheet,Glazed Aluminium Sliding Window,Gloss Paint,Fair,Very good,Not present,Private gate/fence
1/3/2025 14:21:02,170,Semi-detached house,110000000,3,4,4,3,Absent,Medium density,Good,POP,Tiles,Long Span Aluminium Roofing sheet,Glazed Aluminium Sliding Window,Emulsion Paint,Good,Good,Not present,Gated estate
1/3/2025 14:22:30,400,Bungalow,70000000,4,1,4,4,Absent,High density,Fair,POP,Tiles,Long Span Aluminium Roofing sheet,Glazed Aluminium Sliding Window,Emulsion Paint,Good,Good,Not present,Private gate/fence
1/3/2025 14:35:14,500,Detached house,380000000,7,3,8,7,Absent,High density,Fair,POP,Tiles,Long Span Aluminium Roofing sheet,Glazed Aluminium Sliding Window,Satin Paint,Fair,Fair,Not present,Private gate/fence
1/3/2025 14:36:54,465,Detached house,430000000,5,4,5,4,Present,High density,Good,POP,Others,Aluminium Step Tiles Roofing Sheet,Glazed Aluminium Sliding Window,Textcote Paint,Good,Very good,Present,Private gate/fence
1/3/2025 14:38:20,280,Terrace,80000000,3,9,2,3,Absent,Medium density,Good,Others,Tiles,Others,Glazed Aluminium Sliding Window,Emulsion Paint,Good,Very good,Present,Street gate
1/3/2025 14:41:03,900,Detached house,380000000,5,15,5,6,Present,High density,Good,Others,Tiles,Aluminium Step Tiles Roofing Sheet,Casement,Textcote Paint,Good,Good,Present,Gated estate
1/3/2025 14:42:15,600,Detached house,480000000,7,16,7,7,Absent,High density,Good,POP,Marble,Others,Casement,Satin Paint,Good,Good,Present,Private gate/fence
1/3/2025 14:43:18,930,Semi-detached house,400000000,5,5,6,6,Present,High density,Good,POP,Others,Others,Casement,Emulsion Paint,Good,Good,Present,Private gate/fence
1/3/2025 14:44:46,800,Detached house,800000000,6,7,7,8,Absent,High density,Very good,POP,Tiles,Long Span Aluminium Roofing sheet,Glazed Aluminium Sliding Window,Textcote Paint,Good,Very good,Present,Gated estate
1/3/2025 14:46:36,600,Semi-detached house,350000000,5,6,6,7,Absent,High density,Good,POP,Others,Aluminium Step Tiles Roofing Sheet,Casement,Gloss Paint,Good,Good,Present,Gated estate
1/3/2025 14:47:50,500,Detached house,220000000,6,1,5,6,Absent,Medium density,Very good,Others,Others,Long Span Aluminium Roofing sheet,Glazed Aluminium Sliding Window,Emulsion Paint,Fair,Very good,Present,Gated estate
1/3/2025 14:48:43,640,Detached house,310000000,6,3,5,6,Absent,Medium density,Very good,Others,Tiles,Long Span Aluminium Roofing sheet,Glazed Aluminium Sliding Window,Textcote Paint,Good,Good,Present,Gated estate
1/3/2025 14:49:41,300,Bungalow,170000000,3,1,4,4,Present,High density,Very good,POP,Tiles,Long Span Aluminium Roofing sheet,Glazed Aluminium Sliding Window,Gloss Paint,Good,Very good,Not present,Gated estate
1/3/2025 14:50:51,450,Terrace,260000000,4,1,5,5,Absent,High density,Very good,POP,Tiles,Aluminium Step Tiles Roofing Sheet,Casement,Textcote Paint,Good,Good,Not present,Gated estate
1/3/2025 14:51:54,320,Detached house,140000000,4,12,4,4,Absent,Low density,Good,Others,Marble,Corrugated Iron Sheet,Glazed Aluminium Sliding Window,Gloss Paint,Good,Good,Present,Private gate/fence
1/3/2025 14:53:06,400,Semi-detached house,120000000,4,7,4,5,Absent,Medium density,Good,Others,Tiles,Long Span Aluminium Roofing sheet,Casement,Emulsion Paint,Fair,Very good,Present,Street gate
1/3/2025 19:38:08,650,Semi-detached house,170000000,5,13,6,7,Present,High density,Good,POP,Tiles,Long Span Aluminium Roofing sheet,Glazed Aluminium Sliding Window,Textcote Paint,Good,Good,Present,Gated estate
1/3/2025 19:39:27,500,Terrace,70000000,3,5,3,3,Absent,Medium density,Good,POP,Tiles,Aluminium Step Tiles Roofing Sheet,Casement,Emulsion Paint,Good,Good,Not present,Street gate
1/3/2025 19:41:52,300,Detached house,220000000,5,6,4,5,Absent,Medium density,Good,Others,Tiles,Long Span Aluminium Roofing sheet,Glazed Aluminium Sliding Window,Satin Paint,Good,Good,Not present,Private gate/fence
1/3/2025 19:51:11,450,Detached house,300000000,7,8,4,5,Absent,High density,Good,POP,Tiles,Aluminium Step Tiles Roofing Sheet,Casement,Gloss Paint,Good,Good,Present,Private gate/fence
1/3/2025 19:52:24,800,Terrace,130000000,4,7,4,5,Present,High density,Good,Others,Tiles,Long Span Aluminium Roofing sheet,Casement,Gloss Paint,Fair,Fair,Present,Street gate
1/3/2025 19:53:53,180,Bungalow,80000000,4,5,5,5,Absent,High density,Good,Others,Wooden,Long Span Aluminium Roofing sheet,Casement,Emulsion Paint,Good,Fair,Present,Private gate/fence
1/3/2025 20:02:58,210,Terrace,145000000,4,3,3,4,Absent,High density,Good,Others,Others,Aluminium Step Tiles Roofing Sheet,Casement,Gloss Paint,Good,Good,Not present,Private gate/fence
1/3/2025 20:04:12,400,Detached house,230000000,3,2,2,3,Present,High density,Very good,Others,Tiles,Aluminium Step Tiles Roofing Sheet,Glazed Aluminium Sliding Window,Textcote Paint,Good,Good,Present,Private gate/fence
1/3/2025 20:05:40,300,Semi-detached house,150000000,6,1,5,5,Present,Medium density,Very good,Others,Others,Long Span Aluminium Roofing sheet,Casement,Emulsion Paint,Good,Good,Not present,Private gate/fence
1/3/2025 20:07:59,400,Detached house,390000000,5,1,6,6,Present,High density,Very good,POP,Marble,Others,Casement,Textcote Paint,Good,Very good,Not present,Private gate/fence
1/3/2025 20:09:10,450,Semi-detached house,120000000,4,5,3,4,Absent,Low density,Very good,POP,Marble,Long Span Aluminium Roofing sheet,Glazed Aluminium Sliding Window,Gloss Paint,Good,Fair,Not present,Gated estate
1/3/2025 20:10:31,600,Detached house,400000000,4,2,4,6,Present,High density,Very good,POP,Tiles,Aluminium Step Tiles Roofing Sheet,Glazed Aluminium Sliding Window,Emulsion Paint,Good,Very good,Present,Gated estate
1/3/2025 20:12:07,300,Detached house,95000000,4,10,3,4,Present,Low density,Fair,Asbestos,Tiles,Aluminium Step Tiles Roofing Sheet,Casement,Gloss Paint,Good,Good,Not present,None
1/4/2025 10:48:09,400,Terrace,60000000,3,1,4,4,Absent,Medium density,Very good,POP,Tiles,Aluminium Step Tiles Roofing Sheet,Glazed Aluminium Sliding Window,Emulsion Paint,Good,Good,Not present,Private gate/fence
1/4/2025 10:50:00,500,Detached house,550000000,5,5,5,5,Absent,High density,Good,Others,Tiles,Aluminium Step Tiles Roofing Sheet,Glazed Aluminium Sliding Window,Textcote Paint,Good,Good,Present,Private gate/fence
1/4/2025 10:51:46,650,Detached house,200000000,4,6,4,4,Present,Medium density,Good,POP,Marble,Long Span Aluminium Roofing sheet,Glazed Aluminium Sliding Window,Textcote Paint,Good,Good,Not present,Private gate/fence
1/4/2025 10:53:21,537,Detached house,180000000,5,10,5,6,Absent,Medium density,Good,Others,Marble,Aluminium Step Tiles Roofing Sheet,Casement,Gloss Paint,Fair,Good,Not present,Private gate/fence
1/4/2025 10:56:03,1200,Detached house,140000000,5,8,4,4,Absent,High density,Good,POP,Marble,Long Span Aluminium Roofing sheet,Casement,Satin Paint,Good,Good,Not present,Private gate/fence
1/4/2025 10:57:20,500,Bungalow,35000000,2,35,2,2,Absent,Medium density,Poor,Asbestos,Cement screed,Corrugated Iron Sheet,Louvers Blade,Satin Paint,Bad,Fair,Not present,None
1/4/2025 11:59:53,350,Semi-detached house,75000000,4,5,4,4,Absent,High density,Good,POP,Others,Long Span Aluminium Roofing sheet,Glazed Aluminium Sliding Window,Emulsion Paint,Good,Good,Not present,Gated estate
1/4/2025 12:01:48,600,Semi-detached house,75000000,4,10,4,5,Absent,Medium density,Good,Others,Tiles,Aluminium Step Tiles Roofing Sheet,Glazed Aluminium Sliding Window,Textcote Paint,Fair,Good,Present,Gated estate
1/4/2025 12:03:02,659,Bungalow,55000000,3,2,3,3,Present,High density,Very good,POP,Tiles,Aluminium Step Tiles Roofing Sheet,Glazed Aluminium Sliding Window,Gloss Paint,Good,Good,Present,Private gate/fence
1/4/2025 12:04:45,350,Semi-detached house,150000000,4,1,4,5,Present,Medium density,Very good,POP,Tiles,Aluminium Step Tiles Roofing Sheet,Glazed Aluminium Sliding Window,Emulsion Paint,Good,Good,Present,Private gate/fence
1/4/2025 12:06:10,200,Terrace,60000000,4,8,4,4,Absent,Medium density,Good,Others,Tiles,Long Span Aluminium Roofing sheet,Casement,Textcote Paint,Fair,Good,Present,Street gate
1/4/2025 12:08:14,500,Bungalow,55000000,3,9,3,4,Present,Medium density,Good,POP,Tiles,Aluminium Step Tiles Roofing Sheet,Casement,Textcote Paint,Good,Fair,Present,Private gate/fence
1/4/2025 12:09:47,331,Detached house,80000000,5,8,5,5,Absent,Medium density,Good,POP,Tiles,Long Span Aluminium Roofing sheet,Glazed Aluminium Sliding Window,Gloss Paint,Fair,Good,Present,Gated estate
1/4/2025 12:12:46,225,Terrace,53000000,4,1,4,4,Absent,Low density,Very good,POP,Tiles,Long Span Aluminium Roofing sheet,Casement,Emulsion Paint,Good,Fair,Not present,Gated estate
1/4/2025 12:13:50,400,Detached house,170000000,5,1,4,5,Present,High density,Very good,POP,Tiles,Long Span Aluminium Roofing sheet,Glazed Aluminium Sliding Window,Gloss Paint,Fair,Good,Not present,Gated estate
1/4/2025 12:16:16,450,Detached house,90000000,6,18,5,6,Present,High density,Fair,POP,Tiles,Long Span Aluminium Roofing sheet,Glazed Aluminium Sliding Window,Emulsion Paint,Fair,Fair,Not present,Private gate/fence
1/4/2025 12:18:14,344,Detached house,150000000,10,19,6,6,Absent,Low density,Good,POP,Tiles,Long Span Aluminium Roofing sheet,Glazed Aluminium Sliding Window,Gloss Paint,Good,Good,Not present,Private gate/fence
1/4/2025 12:19:25,500,Detached house,120000000,5,22,5,5,Absent,Medium density,Fair,POP,Tiles,Aluminium Step Tiles Roofing Sheet,Casement,Textcote Paint,Good,Good,Not present,Private gate/fence
1/4/2025 12:21:39,340,Detached house,90000000,5,12,4,4,Present,Low density,Good,POP,Tiles,Long Span Aluminium Roofing sheet,Others,Satin Paint,Good,Very good,Not present,Private gate/fence
1/4/2025 12:23:03,320,Detached house,85000000,4,10,4,5,Present,Medium density,Good,POP,Tiles,Aluminium Step Tiles Roofing Sheet,Glazed Aluminium Sliding Window,Emulsion Paint,Fair,Good,Not present,Private gate/fence
1/4/2025 12:25:22,623,Detached house,200000000,4,20,4,4,Present,High density,Fair,POP,Marble,Long Span Aluminium Roofing sheet,Glazed Aluminium Sliding Window,Emulsion Paint,Good,Fair,Not present,Private gate/fence
1/4/2025 12:27:55,440,Terrace,45000000,3,5,3,3,Absent,Medium density,Good,POP,Tiles,Long Span Aluminium Roofing sheet,Glazed Aluminium Sliding Window,Emulsion Paint,Fair,Good,Not present,Gated estate
1/4/2025 12:29:52,430,Detached house,220000000,3,1,4,4,Present,High density,Good,POP,Tiles,Long Span Aluminium Roofing sheet,Glazed Aluminium Sliding Window,None,Good,Good,Not present,Private gate/fence
1/4/2025 12:31:12,324,Detached house,160000000,5,8,5,5,Absent,Medium density,Good,Others,Tiles,Aluminium Step Tiles Roofing Sheet,Glazed Aluminium Sliding Window,Emulsion Paint,Good,Good,Not present,Private gate/fence
1/4/2025 12:40:00,400,Detached house,700000000,5,1,6,7,Present,High density,Very good,POP,Tiles,Aluminium Step Tiles Roofing Sheet,Others,Textcote Paint,Good,Very good,Present,Private gate/fence
1/4/2025 12:43:33,400,Semi-detached house,80000000,4,8,4,5,Absent,Medium density,Good,POP,Tiles,Long Span Aluminium Roofing sheet,Glazed Aluminium Sliding Window,Emulsion Paint,Good,Fair,Not present,Gated estate
1/4/2025 12:44:39,648,Bungalow,35000000,5,7,4,4,Absent,Low density,Good,PVC,Tiles,Long Span Aluminium Roofing sheet,Glazed Aluminium Sliding Window,Gloss Paint,Fair,Good,Not present,Private gate/fence
1/4/2025 12:50:16,400,Semi-detached house,60000000,4,12,4,4,Absent,Medium density,Good,Others,Tiles,Long Span Aluminium Roofing sheet,Glazed Aluminium Sliding Window,Satin Paint,Fair,Good,Not present,Private gate/fence
1/4/2025 12:51:38,500,Detached house,120000000,4,9,4,5,Present,Low density,Good,Others,Others,Corrugated Iron Sheet,Glazed Aluminium Sliding Window,Textcote Paint,Good,Good,Not present,Private gate/fence
1/4/2025 12:53:36,360,Detached house,130000000,5,4,5,5,Absent,High density,Good,Others,Tiles,Aluminium Step Tiles Roofing Sheet,Glazed Aluminium Sliding Window,Textcote Paint,Good,Good,Not present,Gated estate
1/4/2025 12:55:42,350,Semi-detached house,50000000,4,12,4,4,Absent,Medium density,Fair,POP,Tiles,Long Span Aluminium Roofing sheet,Casement,Gloss Paint,Fair,Good,Not present,Private gate/fence
1/4/2025 12:57:11,1200,Detached house,300000000,6,1,6,7,Present,High density,Very good,Others,Tiles,Aluminium Step Tiles Roofing Sheet,Glazed Aluminium Sliding Window,Emulsion Paint,Good,Good,Present,Private gate/fence
1/4/2025 12:58:44,2000,Detached house,125000000,6,22,6,7,Present,Low density,Good,POP,Marble,Long Span Aluminium Roofing sheet,Casement,Emulsion Paint,Good,Good,Not present,Private gate/fence
1/4/2025 13:00:56,300,Detached house,55000000,4,2,4,5,Absent,Low density,Good,POP,Tiles,Aluminium Step Tiles Roofing Sheet,Casement,Textcote Paint,Good,Fair,Not present,Private gate/fence
1/4/2025 13:02:23,750,Detached house,140000000,6,16,6,6,Absent,Medium density,Good,Others,Tiles,Aluminium Step Tiles Roofing Sheet,Casement,Emulsion Paint,Good,Fair,Not present,Private gate/fence
1/4/2025 13:03:44,780,Detached house,100000000,5,19,6,6,Present,Medium density,Good,Others,Others,Long Span Aluminium Roofing sheet,Glazed Aluminium Sliding Window,Gloss Paint,Good,Good,Not present,None
1/4/2025 13:05:19,846,Bungalow,60000000,4,18,3,3,Absent,Medium density,Good,PVC,Tiles,Corrugated Iron Sheet,Glazed Aluminium Sliding Window,Emulsion Paint,Fair,Good,Not present,Private gate/fence
1/4/2025 13:19:25,500,Detached house,95000000,4,4,4,4,Present,Medium density,Good,POP,Tiles,Aluminium Step Tiles Roofing Sheet,Glazed Aluminium Sliding Window,Emulsion Paint,Good,Good,Present,Gated estate
1/6/2025 21:26:02,600,Detached house,700000000,5,1,6,7,Present,High density,Very good,POP,Tiles,Others,Glazed Aluminium Sliding Window,Emulsion Paint,Good,Very good,Present,Gated estate
1/6/2025 21:28:15,250,Terrace,180000000,4,2,5,5,Absent,Medium density,Very good,POP,Tiles,Others,Casement,Textcote Paint,Good,Good,Not present,Gated estate
1/6/2025 21:30:01,500,Detached house,500000000,5,4,5,6,Present,High density,Good,POP,Others,Aluminium Step Tiles Roofing Sheet,Glazed Aluminium Sliding Window,Textcote Paint,Good,Good,Present,Private gate/fence
1/6/2025 21:32:04,300,Detached house,700000000,5,5,5,6,Absent,Medium density,Very good,Others,Others,Aluminium Step Tiles Roofing Sheet,Casement,Gloss Paint,Good,Very good,Present,Gated estate
1/6/2025 21:33:13,250,Semi-detached house,180000000,4,2,4,5,Absent,Low density,Very good,POP,Others,Others,Casement,Textcote Paint,Good,Good,Present,Gated estate
1/6/2025 21:34:44,280,Semi-detached house,160000000,4,5,4,5,Absent,Medium density,Good,POP,Marble,Long Span Aluminium Roofing sheet,Glazed Aluminium Sliding Window,Emulsion Paint,Good,Good,Not present,Gated estate
1/6/2025 21:35:48,300,Detached house,120000000,4,1,4,5,Absent,Medium density,Good,POP,Tiles,Others,Glazed Aluminium Sliding Window,Emulsion Paint,Good,Good,Present,Gated estate
1/6/2025 21:37:10,320,Semi-detached house,150000000,4,4,4,5,Absent,Medium density,Good,Others,Others,Others,Casement,Satin Paint,Good,Fair,Not present,Street gate
1/6/2025 21:38:47,900,Detached house,1200000000,5,1,5,6,Present,High density,Very good,POP,Tiles,Others,Glazed Aluminium Sliding Window,Textcote Paint,Good,Very good,Present,Private gate/fence
1/6/2025 21:40:18,650,Detached house,650000000,5,3,5,6,Absent,High density,Very good,POP,Tiles,Aluminium Step Tiles Roofing Sheet,Casement,Textcote Paint,Good,Good,Present,Private gate/fence
1/7/2025 13:22:59,300,Bungalow,45000000,3,2,3,4,Absent,Medium density,Very good,POP,Tiles,Aluminium Step Tiles Roofing Sheet,Casement,Emulsion Paint,Good,Good,Not present,Private gate/fence
1/7/2025 13:24:17,342,Bungalow,35000000,3,9,3,3,Present,Medium density,Good,POP,Tiles,Long Span Aluminium Roofing sheet,Glazed Aluminium Sliding Window,Textcote Paint,Fair,Good,Not present,Private gate/fence
1/7/2025 13:25:24,650,Bungalow,55000000,3,1,3,4,Absent,Medium density,Fair,POP,Others,Aluminium Step Tiles Roofing Sheet,Glazed Aluminium Sliding Window,None,Good,Good,Not present,Private gate/fence
1/7/2025 13:27:27,417,Semi-detached house,160000000,4,3,4,5,Absent,Medium density,Good,Others,Tiles,Others,Glazed Aluminium Sliding Window,Gloss Paint,Good,Good,Present,Gated estate
1/7/2025 13:28:23,300,Detached house,170000000,4,5,4,4,Absent,Low density,Good,POP,Others,Aluminium Step Tiles Roofing Sheet,Casement,Gloss Paint,Fair,Good,Not present,Private gate/fence
1/7/2025 13:30:13,295,Detached house,280000000,4,10,4,4,Absent,Medium density,Good,Others,Tiles,Aluminium Step Tiles Roofing Sheet,Glazed Aluminium Sliding Window,Gloss Paint,Fair,Good,Present,Private gate/fence
1/7/2025 13:31:21,300,Detached house,270000000,5,9,5,5,Absent,High density,Good,POP,Others,Aluminium Step Tiles Roofing Sheet,Casement,Emulsion Paint,Good,Fair,Present,None
1/7/2025 13:34:02,300,Semi-detached house,45000000,4,7,4,5,Absent,Medium density,Poor,Others,Others,Long Span Aluminium Roofing sheet,Others,None,Bad,Fair,Not present,None
1/7/2025 13:35:47,350,Bungalow,8000000,2,18,1,1,Absent,Low density,Fair,Asbestos,Cement screed,Corrugated Iron Sheet,Glazed Aluminium Sliding Window,None,Bad,Fair,Not present,None
1/7/2025 13:37:34,200,Detached house,23000000,6,9,4,4,Absent,Low density,Good,PVC,Tiles,Corrugated Iron Sheet,Glazed Aluminium Sliding Window,Emulsion Paint,Fair,Fair,Not present,Private gate/fence
1/7/2025 13:39:09,600,Detached house,140000000,4,7,4,4,Absent,Low density,Very good,POP,Tiles,Long Span Aluminium Roofing sheet,Casement,Textcote Paint,Good,Good,Not present,Private gate/fence
1/7/2025 13:43:30,700,Detached house,120000000,7,16,5,5,Present,Low density,Good,POP,Tiles,Aluminium Step Tiles Roofing Sheet,Glazed Aluminium Sliding Window,Emulsion Paint,Good,Good,Present,Private gate/fence
1/7/2025 13:45:45,330,Bungalow,40000000,5,10,4,4,Absent,Low density,Fair,Asbestos,Tiles,Long Span Aluminium Roofing sheet,Glazed Aluminium Sliding Window,None,Fair,Good,Not present,None
1/7/2025 13:56:25,400,Semi-detached house,200000000,4,6,4,5,Absent,Medium density,Good,POP,Tiles,Others,Casement,Emulsion Paint,Bad,Good,Present,Gated estate
1/7/2025 13:57:46,280,Bungalow,25000000,4,10,3,4,Absent,Low density,Good,POP,Tiles,Corrugated Iron Sheet,Glazed Aluminium Sliding Window,Textcote Paint,Good,Good,Not present,Private gate/fence
1/7/2025 13:58:52,175,Bungalow,18000000,2,9,2,2,Absent,Low density,Good,PVC,Tiles,Corrugated Iron Sheet,Casement,Gloss Paint,Fair,Good,Not present,None
1/7/2025 14:01:47,400,Detached house,90000000,4,12,4,5,Absent,Medium density,Good,POP,Tiles,Long Span Aluminium Roofing sheet,Casement,Emulsion Paint,Good,Good,Present,Gated estate
1/7/2025 14:04:16,300,Semi-detached house,140000000,4,11,4,4,Present,Medium density,Good,POP,Others,Aluminium Step Tiles Roofing Sheet,Glazed Aluminium Sliding Window,Emulsion Paint,Good,Good,Present,Private gate/fence
1/7/2025 14:05:32,200,Bungalow,12000000,2,7,2,2,Absent,Low density,Good,Asbestos,Tiles,Corrugated Iron Sheet,Glazed Aluminium Sliding Window,Gloss Paint,Fair,Fair,Not present,Private gate/fence
1/7/2025 14:07:00,220,Bungalow,40000000,2,2,2,3,Absent,Medium density,Very good,POP,Tiles,Aluminium Step Tiles Roofing Sheet,Glazed Aluminium Sliding Window,Emulsion Paint,Good,Good,Not present,Private gate/fence
1/7/2025 21:49:46,300,Terrace,110000000,3,4,3,4,Present,Medium density,Very good,POP,Tiles,Aluminium Step Tiles Roofing Sheet,Glazed Aluminium Sliding Window,Emulsion Paint,Good,Good,Not present,Street gate
1/7/2025 21:50:54,380,Detached house,450000000,6,5,6,7,Present,High density,Very good,POP,Others,Others,Casement,Emulsion Paint,Good,Good,Present,Private gate/fence
1/8/2025 6:54:16,300,Mini Flat,23000000,1,6,1,1,Absent,Low density,Good,POP,Tiles,Corrugated Iron Sheet,Glazed Aluminium Sliding Window,Textcote Paint,Fair,Fair,Not present,Private gate/fence
1/8/2025 6:55:56,300,Bungalow,23000000,4,1,4,4,Absent,Medium density,Very good,POP,Tiles,Aluminium Step Tiles Roofing Sheet,Casement,Emulsion Paint,Good,Good,Present,Private gate/fence
1/8/2025 6:57:28,400,Semi-detached house,40000000,2,1,2,3,Absent,Low density,Very good,POP,Others,Aluminium Step Tiles Roofing Sheet,Glazed Aluminium Sliding Window,Emulsion Paint,Good,Good,Present,Street gate
1/8/2025 6:58:41,400,Detached house,60000000,5,10,5,6,Present,Low density,Good,POP,Tiles,Aluminium Step Tiles Roofing Sheet,Casement,Textcote Paint,Good,Good,Present,Private gate/fence
1/8/2025 7:00:11,200,Bungalow,60000000,2,3,2,2,Absent,Medium density,Good,POP,Tiles,Aluminium Step Tiles Roofing Sheet,Casement,Emulsion Paint,Fair,Good,Not present,Private gate/fence
1/8/2025 7:02:30,300,Bungalow,43000000,3,2,3,4,Absent,Medium density,Very good,POP,Tiles,Aluminium Step Tiles Roofing Sheet,Glazed Aluminium Sliding Window,Emulsion Paint,Good,Good,Present,Private gate/fence
1/8/2025 7:04:09,648,Bungalow,35000000,3,13,3,3,Absent,Medium density,Fair,Asbestos,Tiles,Long Span Aluminium Roofing sheet,Glazed Aluminium Sliding Window,Satin Paint,Good,Good,Not present,Private gate/fence
1/8/2025 7:05:55,300,Semi-detached house,65000000,4,7,4,4,Absent,Medium density,Good,POP,Tiles,Long Span Aluminium Roofing sheet,Glazed Aluminium Sliding Window,Textcote Paint,Good,Good,Not present,Private gate/fence
1/8/2025 7:07:58,657,Detached house,450000000,6,15,6,7,Present,High density,Good,POP,Others,Others,Glazed Aluminium Sliding Window,Textcote Paint,Good,Very good,Not present,Private gate/fence
1/8/2025 7:12:44,900,Detached house,440000000,6,10,7,7,Present,High density,Good,POP,Marble,Aluminium Step Tiles Roofing Sheet,Glazed Aluminium Sliding Window,Textcote Paint,Good,Very good,Present,Gated estate
1/8/2025 7:13:55,400,Semi-detached house,130000000,5,6,5,6,Absent,Medium density,Good,POP,Tiles,Aluminium Step Tiles Roofing Sheet,Glazed Aluminium Sliding Window,Emulsion Paint,Good,Very good,Present,Gated estate
1/8/2025 7:15:09,600,Bungalow,80000000,4,1,4,4,Absent,Medium density,Very good,POP,Tiles,Long Span Aluminium Roofing sheet,Glazed Aluminium Sliding Window,Emulsion Paint,Good,Good,Not present,Private gate/fence
1/8/2025 7:17:57,600,Detached house,500000000,6,12,6,6,Absent,High density,Good,POP,Tiles,Others,Casement,Emulsion Paint,Fair,Very good,Not present,Private gate/fence
1/8/2025 7:19:26,250,Detached house,80000000,5,4,5,5,Present,Medium density,Good,POP,Others,Others,Glazed Aluminium Sliding Window,Gloss Paint,Good,Good,Present,Gated estate
1/8/2025 7:21:08,300,Detached house,1440000000,4,1,4,5,Absent,Medium density,Very good,Others,Tiles,Aluminium Step Tiles Roofing Sheet,Glazed Aluminium Sliding Window,Emulsion Paint,Good,Very good,Present,Gated estate
1/8/2025 7:22:51,300,Detached house,170000000,5,11,5,6,Present,High density,Very good,POP,Tiles,Others,Glazed Aluminium Sliding Window,Gloss Paint,Fair,Good,Present,Private gate/fence
1/8/2025 7:26:00,240,Semi-detached house,120500000,4,1,5,5,Absent,Medium density,Very good,POP,Tiles,Aluminium Step Tiles Roofing Sheet,Glazed Aluminium Sliding Window,Emulsion Paint,Good,Good,Not present,Private gate/fence
1/8/2025 7:34:03,420,Detached house,170000000,6,2,6,7,Absent,Medium density,Very good,POP,Tiles,Aluminium Step Tiles Roofing Sheet,Glazed Aluminium Sliding Window,Textcote Paint,Fair,Fair,Present,Private gate/fence
1/8/2025 7:35:43,503,Detached house,270000000,5,1,5,6,Present,Medium density,Very good,POP,Tiles,Others,Glazed Aluminium Sliding Window,Textcote Paint,Good,Good,Present,Private gate/fence
1/8/2025 7:37:22,350,Detached house,370000000,5,1,6,7,Present,High density,Good,POP,Tiles,Aluminium Step Tiles Roofing Sheet,Casement,Textcote Paint,Good,Very good,Not present,Gated estate
1/8/2025 7:38:40,500,Detached house,190000000,6,3,6,6,Absent,Medium density,Very good,Others,Marble,Long Span Aluminium Roofing sheet,Glazed Aluminium Sliding Window,Textcote Paint,Good,Good,Not present,Private gate/fence
1/8/2025 7:40:08,1200,Detached house,120000000,6,18,4,4,Absent,Medium density,Fair,Asbestos,Tiles,Long Span Aluminium Roofing sheet,Glazed Aluminium Sliding Window,None,Fair,Bad,Not present,Private gate/fence
1/8/2025 7:41:14,600,Detached house,110000000,5,3,5,5,Absent,Medium density,Good,POP,Tiles,Long Span Aluminium Roofing sheet,Glazed Aluminium Sliding Window,Emulsion Paint,Good,Good,Not present,Private gate/fence
1/8/2025 7:45:28,300,Detached house,135000000,4,1,4,4,Absent,Medium density,Good,POP,Tiles,Others,Glazed Aluminium Sliding Window,Textcote Paint,Good,Good,Not present,Gated estate
1/8/2025 7:49:09,500,Detached house,450000000,5,1,5,6,Present,High density,Very good,POP,Tiles,Aluminium Step Tiles Roofing Sheet,Glazed Aluminium Sliding Window,Emulsion Paint,Good,Good,Present,Gated estate
1/8/2025 7:51:09,400,Semi-detached house,95000000,4,3,4,5,Absent,Low density,Good,Others,Tiles,Long Span Aluminium Roofing sheet,Glazed Aluminium Sliding Window,Emulsion Paint,Good,Good,Not present,Gated estate
1/8/2025 8:06:44,250,Semi-detached house,120000000,4,1,4,5,Absent,Medium density,Very good,POP,Tiles,Aluminium Step Tiles Roofing Sheet,Glazed Aluminium Sliding Window,Emulsion Paint,Fair,Good,Present,Gated estate
1/8/2025 8:08:16,285,Terrace,87000000,4,4,4,4,Absent,Medium density,Very good,POP,Tiles,Long Span Aluminium Roofing sheet,Casement,Gloss Paint,Good,Good,Present,Gated estate
1/8/2025 8:10:56,400,Detached house,75000000,4,9,4,4,Present,Medium density,Fair,POP,Tiles,Long Span Aluminium Roofing sheet,Glazed Aluminium Sliding Window,Gloss Paint,Fair,Fair,Not present,Private gate/fence
1/8/2025 8:12:05,350,Semi-detached house,96000000,3,1,3,4,Present,Low density,Very good,POP,Tiles,Aluminium Step Tiles Roofing Sheet,Glazed Aluminium Sliding Window,Textcote Paint,Good,Good,Present,Private gate/fence
1/8/2025 8:13:27,300,Semi-detached house,78000000,5,8,5,5,Absent,Medium density,Good,POP,Tiles,Aluminium Step Tiles Roofing Sheet,Glazed Aluminium Sliding Window,Gloss Paint,Fair,Good,Present,Private gate/fence
1/8/2025 8:15:23,250,Semi-detached house,85000000,4,2,4,5,Absent,Medium density,Very good,POP,Tiles,Aluminium Step Tiles Roofing Sheet,Glazed Aluminium Sliding Window,Emulsion Paint,Good,Good,Present,Street gate
1/8/2025 8:16:33,230,Semi-detached house,95000000,4,2,4,5,Absent,Medium density,Very good,POP,Tiles,Aluminium Step Tiles Roofing Sheet,Glazed Aluminium Sliding Window,Satin Paint,Fair,Good,Not present,Street gate
1/8/2025 8:17:50,660,Detached house,400000000,6,1,6,7,Absent,High density,Very good,POP,Tiles,Aluminium Step Tiles Roofing Sheet,Glazed Aluminium Sliding Window,Satin Paint,Good,Good,Present,Gated estate
1/8/2025 8:20:57,400,Detached house,120000000,4,6,4,5,Absent,Medium density,Good,POP,Tiles,Corrugated Iron Sheet,Glazed Aluminium Sliding Window,Satin Paint,Good,Good,Not present,Private gate/fence
1/8/2025 8:23:16,600,Detached house,180000000,5,3,5,6,Present,Medium density,Very good,POP,Tiles,Others,Glazed Aluminium Sliding Window,Emulsion Paint,Good,Good,Present,Gated estate
1/8/2025 8:25:04,400,Detached house,220000000,5,5,6,6,Present,High density,Very good,POP,Tiles,Aluminium Step Tiles Roofing Sheet,Casement,Emulsion Paint,Good,Good,Present,Gated estate
1/8/2025 8:26:16,900,Detached house,500000000,5,7,5,6,Present,High density,Very good,POP,Others,Aluminium Step Tiles Roofing Sheet,Glazed Aluminium Sliding Window,Satin Paint,Good,Good,Present,Gated estate
1/8/2025 8:30:10,300,Semi-detached house,190000000,5,2,5,5,Absent,Medium density,Very good,POP,Tiles,Long Span Aluminium Roofing sheet,Casement,Emulsion Paint,Fair,Good,Present,Private gate/fence
1/8/2025 8:31:54,300,Detached house,280000000,8,6,8,9,Present,High density,Good,POP,Tiles,Aluminium Step Tiles Roofing Sheet,Glazed Aluminium Sliding Window,Emulsion Paint,Good,Very good,Present,Gated estate
1/8/2025 8:33:10,675,Detached house,400000000,5,8,6,7,Present,High density,Very good,POP,Tiles,Aluminium Step Tiles Roofing Sheet,Casement,Textcote Paint,Good,Very good,Present,Private gate/fence
1/8/2025 8:35:44,500,Detached house,650000000,5,4,5,6,Absent,High density,Very good,POP,Tiles,Long Span Aluminium Roofing sheet,Glazed Aluminium Sliding Window,Gloss Paint,Good,Good,Present,Gated estate
1/8/2025 8:37:02,500,Semi-detached house,480000000,5,1,5,5,Present,High density,Very good,Others,Tiles,Aluminium Step Tiles Roofing Sheet,Glazed Aluminium Sliding Window,Gloss Paint,Good,Good,Present,Private gate/fence
1/8/2025 8:48:41,400,Semi-detached house,120000000,4,11,4,5,Absent,High density,Good,POP,Others,Others,Glazed Aluminium Sliding Window,Gloss Paint,Good,Good,Not present,Gated estate
1/8/2025 8:49:39,400,Semi-detached house,100000000,4,9,4,5,Present,Low density,Very good,POP,Tiles,Aluminium Step Tiles Roofing Sheet,Glazed Aluminium Sliding Window,Emulsion Paint,Good,Fair,Not present,Private gate/fence
1/8/2025 8:51:11,700,Detached house,260000000,7,13,7,8,Present,Medium density,Good,POP,Wooden,Long Span Aluminium Roofing sheet,Glazed Aluminium Sliding Window,Emulsion Paint,Good,Very good,Present,Street gate
1/8/2025 8:52:56,300,Detached house,280000000,5,1,5,5,Absent,Medium density,Good,POP,Tiles,Aluminium Step Tiles Roofing Sheet,Glazed Aluminium Sliding Window,Emulsion Paint,Good,Good,Present,Street gate
1/8/2025 8:56:27,450,Detached house,330000000,5,2,5,6,Absent,High density,Very good,POP,Tiles,Long Span Aluminium Roofing sheet,Others,Satin Paint,Good,Good,Present,Street gate
1/8/2025 8:57:57,380,Detached house,370000000,5,2,5,6,Absent,High density,Very good,Others,Tiles,Corrugated Iron Sheet,Glazed Aluminium Sliding Window,Emulsion Paint,Good,Good,Not present,Private gate/fence
1/8/2025 8:59:39,300,Detached house,240000000,5,1,5,6,Absent,High density,Very good,POP,Tiles,Long Span Aluminium Roofing sheet,Casement,Gloss Paint,Fair,Very good,Present,Private gate/fence
1/8/2025 9:00:57,400,Semi-detached house,320000000,6,3,6,6,Present,High density,Good,POP,Others,Long Span Aluminium Roofing sheet,Casement,Gloss Paint,Good,Good,Present,Gated estate
1/8/2025 9:02:23,300,Terrace,75000000,4,3,4,4,Absent,Low density,Very good,POP,Wooden,Long Span Aluminium Roofing sheet,Casement,Gloss Paint,Good,Very good,Present,Street gate
1/8/2025 9:04:40,650,Detached house,600000000,5,4,5,5,Present,Medium density,Good,POP,Wooden,Aluminium Step Tiles Roofing Sheet,Glazed Aluminium Sliding Window,Emulsion Paint,Good,Good,Present,Private gate/fence
1/8/2025 9:05:59,400,Terrace,120000000,4,2,4,5,Present,Medium density,Very good,Others,Others,Long Span Aluminium Roofing sheet,Glazed Aluminium Sliding Window,Emulsion Paint,Good,Good,Not present,Street gate
1/8/2025 9:07:42,350,Semi-detached house,120000000,4,1,4,4,Absent,Low density,Very good,POP,Tiles,Aluminium Step Tiles Roofing Sheet,Glazed Aluminium Sliding Window,Satin Paint,Fair,Very good,Present,Street gate
1/8/2025 9:09:23,300,Terrace,117000000,3,1,3,4,Absent,Medium density,Very good,POP,Tiles,Aluminium Step Tiles Roofing Sheet,Casement,Textcote Paint,Good,Very good,Not present,Street gate
1/8/2025 9:10:49,300,Detached house,390000000,5,14,5,5,Absent,Medium density,Good,POP,Wooden,Long Span Aluminium Roofing sheet,Glazed Aluminium Sliding Window,Emulsion Paint,Good,Good,Not present,Private gate/fence
1/8/2025 9:37:11,350,Bungalow,60000000,4,4,4,5,Present,Medium density,Good,POP,Tiles,Aluminium Step Tiles Roofing Sheet,Glazed Aluminium Sliding Window,Gloss Paint,Good,Very good,Not present,Street gate
1/8/2025 9:38:44,600,Bungalow,72000000,3,8,3,3,Absent,High density,Good,POP,Marble,Corrugated Iron Sheet,Glazed Aluminium Sliding Window,Emulsion Paint,Good,Good,Not present,Private gate/fence
1/8/2025 9:41:15,150,Bungalow,30000000,2,9,2,3,Absent,Low density,Good,Others,Tiles,Long Span Aluminium Roofing sheet,Glazed Aluminium Sliding Window,Emulsion Paint,Good,Good,Not present,Private gate/fence
1/8/2025 9:42:33,250,Semi-detached house,67000000,2,4,2,3,Absent,Medium density,Good,POP,Tiles,Aluminium Step Tiles Roofing Sheet,Glazed Aluminium Sliding Window,Gloss Paint,Good,Good,Present,Gated estate
1/8/2025 9:44:11,250,Bungalow,25000000,2,1,2,3,Absent,Medium density,Good,POP,Tiles,Aluminium Step Tiles Roofing Sheet,Casement,Emulsion Paint,Fair,Fair,Not present,Gated estate
1/8/2025 9:45:23,500,Detached house,850000000,5,2,5,6,Absent,High density,Very good,POP,Tiles,Aluminium Step Tiles Roofing Sheet,Glazed Aluminium Sliding Window,Textcote Paint,Good,Good,Present,Gated estate
1/8/2025 9:48:48,180,Terrace,80000000,2,2,2,3,Absent,Medium density,Very good,POP,Tiles,Aluminium Step Tiles Roofing Sheet,Glazed Aluminium Sliding Window,Satin Paint,Good,Good,Not present,Street gate
1/8/2025 9:50:17,200,Terrace,80000000,3,3,3,4,Absent,Medium density,Very good,POP,Tiles,Long Span Aluminium Roofing sheet,Glazed Aluminium Sliding Window,Gloss Paint,Good,Good,Present,Gated estate
1/8/2025 17:22:08,300,Terrace,195000000,4,1,4,5,Present,Medium density,Very good,POP,Tiles,Aluminium Step Tiles Roofing Sheet,Glazed Aluminium Sliding Window,Emulsion Paint,Good,Very good,Not present,Gated estate